"../../../Engine/Plugins/Runtime/AudioModulation/Content/Volume.uasset" 0
"../../../Engine/Plugins/Runtime/AudioModulation/Content/Volume.uexp" 1
"../../../Engine/Plugins/Runtime/AudioModulation/Content/TimeOfDay.uasset" 2
"../../../Engine/Plugins/Runtime/AudioModulation/Content/TimeOfDay.uexp" 3
"../../../Engine/Plugins/Runtime/AudioModulation/Content/SampleRate.uasset" 4
"../../../Engine/Plugins/Runtime/AudioModulation/Content/SampleRate.uexp" 5
"../../../Engine/Plugins/Runtime/AudioModulation/Content/Pitch.uasset" 6
"../../../Engine/Plugins/Runtime/AudioModulation/Content/Pitch.uexp" 7
"../../../Engine/Plugins/Runtime/AudioModulation/Content/Pan.uasset" 8
"../../../Engine/Plugins/Runtime/AudioModulation/Content/Pan.uexp" 9
"../../../Engine/Plugins/Runtime/AudioModulation/Content/LPFCutoffFrequency.uasset" 10
"../../../Engine/Plugins/Runtime/AudioModulation/Content/LPFCutoffFrequency.uexp" 11
"../../../Engine/Plugins/Runtime/AudioModulation/Content/LowRateFrequency.uasset" 12
"../../../Engine/Plugins/Runtime/AudioModulation/Content/LowRateFrequency.uexp" 13
"../../../Engine/Plugins/Runtime/AudioModulation/Content/HPFCutoffFrequency.uasset" 14
"../../../Engine/Plugins/Runtime/AudioModulation/Content/HPFCutoffFrequency.uexp" 15
"../../../Engine/Plugins/Runtime/AudioModulation/Content/BitDepth.uasset" 16
"../../../Engine/Plugins/Runtime/AudioModulation/Content/BitDepth.uexp" 17
"../../../Engine/Plugins/Animation/ACLPlugin/Content/ACLAnimCurveCompressionSettings.uasset" 18
"../../../Engine/Plugins/Animation/ACLPlugin/Content/ACLAnimCurveCompressionSettings.uexp" 19
"../../../Engine/Plugins/Animation/ACLPlugin/Content/ACLAnimBoneCompressionSettings.uasset" 20
"../../../Engine/Plugins/Animation/ACLPlugin/Content/ACLAnimBoneCompressionSettings.uexp" 21
"../../../Engine/Plugins/2D/Paper2D/Content/PlaceholderTextures/DummySpriteTexture.ubulk" 22
"../../../Engine/Plugins/2D/Paper2D/Content/PlaceholderTextures/DummySpriteTexture.uasset" 23
"../../../Engine/Plugins/2D/Paper2D/Content/PlaceholderTextures/DummySpriteTexture.uexp" 24
"../../../Engine/Plugins/2D/Paper2D/Content/DummySprite.uasset" 25
"../../../Engine/Plugins/2D/Paper2D/Content/DummySprite.uexp" 26
"../../../Engine/Plugins/2D/Paper2D/Content/DefaultPaperTerrainMaterial.uasset" 27
"../../../Engine/Plugins/2D/Paper2D/Content/DefaultPaperTerrainMaterial.uexp" 28
"../../../Engine/Plugins/Interchange/Runtime/Content/Pipelines/DefaultTexturePipeline.uasset" 29
"../../../Engine/Plugins/Interchange/Runtime/Content/Pipelines/DefaultTexturePipeline.uexp" 30
"../../../Engine/Plugins/Interchange/Runtime/Content/Pipelines/DefaultSceneLevelPipeline.uasset" 31
"../../../Engine/Plugins/Interchange/Runtime/Content/Pipelines/DefaultSceneLevelPipeline.uexp" 32
"../../../Engine/Plugins/Interchange/Runtime/Content/Pipelines/DefaultSceneAssetsPipeline.uasset" 33
"../../../Engine/Plugins/Interchange/Runtime/Content/Pipelines/DefaultSceneAssetsPipeline.uexp" 34
"../../../Engine/Plugins/Interchange/Runtime/Content/Pipelines/DefaultMaterialXPipeline.uasset" 35
"../../../Engine/Plugins/Interchange/Runtime/Content/Pipelines/DefaultMaterialXPipeline.uexp" 36
"../../../Engine/Plugins/Interchange/Runtime/Content/Pipelines/DefaultMaterialPipeline.uasset" 37
"../../../Engine/Plugins/Interchange/Runtime/Content/Pipelines/DefaultMaterialPipeline.uexp" 38
"../../../Engine/Plugins/Interchange/Runtime/Content/Pipelines/DefaultGLTFSceneAssetsPipeline.uasset" 39
"../../../Engine/Plugins/Interchange/Runtime/Content/Pipelines/DefaultGLTFSceneAssetsPipeline.uexp" 40
"../../../Engine/Plugins/Interchange/Runtime/Content/Pipelines/DefaultGLTFPipeline.uasset" 41
"../../../Engine/Plugins/Interchange/Runtime/Content/Pipelines/DefaultGLTFPipeline.uexp" 42
"../../../Engine/Plugins/Interchange/Runtime/Content/Pipelines/DefaultGLTFAssetsPipeline.uasset" 43
"../../../Engine/Plugins/Interchange/Runtime/Content/Pipelines/DefaultGLTFAssetsPipeline.uexp" 44
"../../../Engine/Plugins/Interchange/Runtime/Content/Pipelines/DefaultAssetsPipeline.uasset" 45
"../../../Engine/Plugins/Interchange/Runtime/Content/Pipelines/DefaultAssetsPipeline.uexp" 46
"../../../Engine/Plugins/Animation/ControlRig/Content/Controls/DefaultGizmoLibraryNormalized.uasset" 47
"../../../Engine/Plugins/Animation/ControlRig/Content/Controls/DefaultGizmoLibraryNormalized.uexp" 48
"../../../Engine/Content/EngineSounds/Master.uasset" 49
"../../../Engine/Content/EngineSounds/Master.uexp" 50
"../../../Engine/Content/EngineMaterials/DefaultPhysicalMaterial.uasset" 51
"../../../Engine/Content/EngineMaterials/DefaultPhysicalMaterial.uexp" 52
"../../../Engine/Content/EngineMaterials/DefaultDestructiblePhysicalMaterial.uasset" 53
"../../../Engine/Content/EngineMaterials/DefaultDestructiblePhysicalMaterial.uexp" 54
"../../../Engine/Content/MobileResources/HUD/VirtualJoystick_Background.uasset" 55
"../../../Engine/Content/MobileResources/HUD/VirtualJoystick_Background.uexp" 56
"../../../Engine/Content/MobileResources/HUD/VirtualJoystick_Thumb.uasset" 57
"../../../Engine/Content/MobileResources/HUD/VirtualJoystick_Thumb.uexp" 58
"../../../Engine/Content/MobileResources/HUD/DefaultVirtualJoysticks.uasset" 59
"../../../Engine/Content/MobileResources/HUD/DefaultVirtualJoysticks.uexp" 60
"../../../Engine/Content/EditorResources/S_Actor.ubulk" 61
"../../../Engine/Content/EditorResources/S_Actor.uasset" 62
"../../../Engine/Content/EditorResources/S_Actor.uexp" 63
"../../../Engine/Plugins/Runtime/AudioWidgets/Content/Resources/ScrubHandleDown_Clamped.uasset" 64
"../../../Engine/Plugins/Runtime/AudioWidgets/Content/Resources/ScrubHandleDown_Clamped.uexp" 65
"../../../Engine/Content/EngineResources/GradientTexture0.uasset" 66
"../../../Engine/Content/EngineResources/GradientTexture0.uexp" 67
"../../../Engine/Content/EngineResources/DefaultTexture.ubulk" 68
"../../../Engine/Content/EngineResources/DefaultTexture.uasset" 69
"../../../Engine/Content/EngineResources/DefaultTexture.uexp" 70
"../../../Engine/Content/EngineResources/Black.uasset" 71
"../../../Engine/Content/EngineResources/Black.uexp" 72
"../../../Engine/Content/EngineMaterials/PreintegratedSkinBRDF.uasset" 73
"../../../Engine/Content/EngineMaterials/PreintegratedSkinBRDF.uexp" 74
"../../../Engine/Content/EngineMaterials/MiniFont.uasset" 75
"../../../Engine/Content/EngineMaterials/MiniFont.uexp" 76
"../../../Engine/Content/EngineMaterials/FastBlueNoise_vec2_128x128x64.uasset" 77
"../../../Engine/Content/EngineMaterials/FastBlueNoise_vec2_128x128x64.uexp" 78
"../../../Engine/Content/EngineMaterials/FastBlueNoise_scalar_128x128x64.uasset" 79
"../../../Engine/Content/EngineMaterials/FastBlueNoise_scalar_128x128x64.uexp" 80
"../../../Engine/Content/EngineMaterials/DefaultWhiteGrid.ubulk" 81
"../../../Engine/Content/EngineMaterials/DefaultWhiteGrid.uasset" 82
"../../../Engine/Content/EngineMaterials/DefaultWhiteGrid.uexp" 83
"../../../Engine/Content/EngineMaterials/DefaultBokeh.uasset" 84
"../../../Engine/Content/EngineMaterials/DefaultBokeh.uexp" 85
"../../../Engine/Content/EngineMaterials/DefaultBloomKernel.uasset" 86
"../../../Engine/Content/EngineMaterials/DefaultBloomKernel.uexp" 87
"../../../Engine/Content/EngineDamageTypes/DmgTypeBP_Environmental.uasset" 88
"../../../Engine/Content/EngineDamageTypes/DmgTypeBP_Environmental.uexp" 89
"../../../Engine/Content/EditorResources/S_TriggerSphere.uasset" 90
"../../../Engine/Content/EditorResources/S_TriggerSphere.uexp" 91
"../../../Engine/Content/EditorResources/S_TriggerCapsule.uasset" 92
"../../../Engine/Content/EditorResources/S_TriggerCapsule.uexp" 93
"../../../Engine/Content/EditorResources/S_TriggerBox.uasset" 94
"../../../Engine/Content/EditorResources/S_TriggerBox.uexp" 95
"../../../Engine/Content/EditorResources/S_Trigger.ubulk" 96
"../../../Engine/Content/EditorResources/S_Trigger.uasset" 97
"../../../Engine/Content/EditorResources/S_Trigger.uexp" 98
"../../../Engine/Content/EditorResources/S_Terrain.ubulk" 99
"../../../Engine/Content/EditorResources/S_Terrain.uasset" 100
"../../../Engine/Content/EditorResources/S_Terrain.uexp" 101
"../../../Engine/Content/EditorResources/S_Solver.ubulk" 102
"../../../Engine/Content/EditorResources/S_Solver.uasset" 103
"../../../Engine/Content/EditorResources/S_Solver.uexp" 104
"../../../Engine/Content/EditorResources/S_BoxReflectionCapture.uasset" 105
"../../../Engine/Content/EditorResources/S_BoxReflectionCapture.uexp" 106
"../../../Engine/Content/EditorResources/EmptyActor.uasset" 107
"../../../Engine/Content/EditorResources/EmptyActor.uexp" 108
"../../../Engine/Content/EditorResources/BSPVertex.uasset" 109
"../../../Engine/Content/EditorResources/BSPVertex.uexp" 110
"../../../Engine/Content/EditorLandscapeResources/DefaultAlphaTexture.uasset" 111
"../../../Engine/Content/EditorLandscapeResources/DefaultAlphaTexture.uexp" 112
"D:/Projects/CGF/MobileGame/Plugins/CommonGameplayFramework/Content/UI/Policy/B_CommonUIPolicy.uasset" 113
"D:/Projects/CGF/MobileGame/Plugins/CommonGameplayFramework/Content/UI/Policy/B_CommonUIPolicy.uexp" 114
"D:/Projects/CGF/MobileGame/Plugins/CommonGameplayFramework/Content/Image/KeyboardAndMouse/Light/Arrow_Right_Key_Light.uasset" 115
"D:/Projects/CGF/MobileGame/Plugins/CommonGameplayFramework/Content/Image/KeyboardAndMouse/Light/Arrow_Right_Key_Light.uexp" 116
"D:/Projects/CGF/MobileGame/Plugins/CommonGameplayFramework/Content/Image/KeyboardAndMouse/Light/Arrow_Left_Key_Light.uasset" 117
"D:/Projects/CGF/MobileGame/Plugins/CommonGameplayFramework/Content/Image/KeyboardAndMouse/Light/Arrow_Left_Key_Light.uexp" 118
"D:/Projects/CGF/MobileGame/Plugins/CommonGameplayFramework/Content/Image/KeyboardAndMouse/Light/Enter_Alt_Key_Light.uasset" 119
"D:/Projects/CGF/MobileGame/Plugins/CommonGameplayFramework/Content/Image/KeyboardAndMouse/Light/Enter_Alt_Key_Light.uexp" 120
"D:/Projects/CGF/MobileGame/Plugins/CommonGameplayFramework/Content/Image/KeyboardAndMouse/Light/Esc_Key_Light.uasset" 121
"D:/Projects/CGF/MobileGame/Plugins/CommonGameplayFramework/Content/Image/KeyboardAndMouse/Light/Esc_Key_Light.uexp" 122
"D:/Projects/CGF/MobileGame/Plugins/CommonGameplayFramework/Content/UI/CommonUI/B_InputController_PC.uasset" 123
"D:/Projects/CGF/MobileGame/Plugins/CommonGameplayFramework/Content/UI/CommonUI/B_InputController_PC.uexp" 124
"D:/Projects/CGF/MobileGame/Plugins/CommonGameplayFramework/Content/Image/XboxSeries/XboxSeriesX_RB.uasset" 125
"D:/Projects/CGF/MobileGame/Plugins/CommonGameplayFramework/Content/Image/XboxSeries/XboxSeriesX_RB.uexp" 126
"D:/Projects/CGF/MobileGame/Plugins/CommonGameplayFramework/Content/Image/XboxSeries/XboxSeriesX_LB.uasset" 127
"D:/Projects/CGF/MobileGame/Plugins/CommonGameplayFramework/Content/Image/XboxSeries/XboxSeriesX_LB.uexp" 128
"D:/Projects/CGF/MobileGame/Plugins/CommonGameplayFramework/Content/Image/XboxSeries/XboxSeriesX_B.uasset" 129
"D:/Projects/CGF/MobileGame/Plugins/CommonGameplayFramework/Content/Image/XboxSeries/XboxSeriesX_B.uexp" 130
"D:/Projects/CGF/MobileGame/Plugins/CommonGameplayFramework/Content/Image/XboxSeries/XboxSeriesX_A.uasset" 131
"D:/Projects/CGF/MobileGame/Plugins/CommonGameplayFramework/Content/Image/XboxSeries/XboxSeriesX_A.uexp" 132
"D:/Projects/CGF/MobileGame/Plugins/CommonGameplayFramework/Content/UI/CommonUI/B_InputController_Gamepad.uasset" 133
"D:/Projects/CGF/MobileGame/Plugins/CommonGameplayFramework/Content/UI/CommonUI/B_InputController_Gamepad.uexp" 134
"D:/Projects/CGF/MobileGame/Plugins/CommonGameplayFramework/Content/Image/XboxSeries/XboxSeriesX_RT.uasset" 135
"D:/Projects/CGF/MobileGame/Plugins/CommonGameplayFramework/Content/Image/XboxSeries/XboxSeriesX_RT.uexp" 136
"D:/Projects/CGF/MobileGame/Plugins/CommonGameplayFramework/Content/Image/XboxSeries/XboxSeriesX_LT.uasset" 137
"D:/Projects/CGF/MobileGame/Plugins/CommonGameplayFramework/Content/Image/XboxSeries/XboxSeriesX_LT.uexp" 138
"D:/Projects/CGF/MobileGame/Plugins/CommonGameplayFramework/Content/UI/CommonUI/DT_CommonInputAction.uasset" 139
"D:/Projects/CGF/MobileGame/Plugins/CommonGameplayFramework/Content/UI/CommonUI/DT_CommonInputAction.uexp" 140
"D:/Projects/CGF/MobileGame/Plugins/CommonGameplayFramework/Content/ThirdPerson/Input/Actions/IA_Back.uasset" 141
"D:/Projects/CGF/MobileGame/Plugins/CommonGameplayFramework/Content/ThirdPerson/Input/Actions/IA_Back.uexp" 142
"D:/Projects/CGF/MobileGame/Plugins/CommonGameplayFramework/Content/ThirdPerson/Input/Actions/IA_Click.uasset" 143
"D:/Projects/CGF/MobileGame/Plugins/CommonGameplayFramework/Content/ThirdPerson/Input/Actions/IA_Click.uexp" 144
"D:/Projects/CGF/MobileGame/Plugins/CommonGameplayFramework/Content/UI/CommonUI/BP_CommonUIInputData.uasset" 145
"D:/Projects/CGF/MobileGame/Plugins/CommonGameplayFramework/Content/UI/CommonUI/BP_CommonUIInputData.uexp" 146
"D:/Projects/CGF/MobileGame/Plugins/CommonGameplayFramework/Content/Blueprint/Core/B_CommonGameInstance.uasset" 147
"D:/Projects/CGF/MobileGame/Plugins/CommonGameplayFramework/Content/Blueprint/Core/B_CommonGameInstance.uexp" 148
"../../../Engine/Content/EngineResources/FilmGrains/Marcie_Grain_v3_128_M2_000.uasset" 149
"../../../Engine/Content/EngineResources/FilmGrains/Marcie_Grain_v3_128_M2_000.uexp" 150
"../../../Engine/Content/EngineMaterials/LTC/Sheen_LTC.uasset" 151
"../../../Engine/Content/EngineMaterials/LTC/Sheen_LTC.uexp" 152
"../../../Engine/Content/EngineMaterials/LTC/GGX_LTCMat.uasset" 153
"../../../Engine/Content/EngineMaterials/LTC/GGX_LTCMat.uexp" 154
"../../../Engine/Content/EngineMaterials/LTC/GGX_LTCAmp.uasset" 155
"../../../Engine/Content/EngineMaterials/LTC/GGX_LTCAmp.uexp" 156
"../../../Engine/Content/EngineMaterials/EnergyConservation/Sheen_Energy.uasset" 157
"../../../Engine/Content/EngineMaterials/EnergyConservation/Sheen_Energy.uexp" 158
"../../../Engine/Content/EngineMaterials/EnergyConservation/SheenLegacy_Energy.uasset" 159
"../../../Engine/Content/EngineMaterials/EnergyConservation/SheenLegacy_Energy.uexp" 160
"../../../Engine/Content/EngineMaterials/EnergyConservation/GGX_TransmissionEnergyArray.uasset" 161
"../../../Engine/Content/EngineMaterials/EnergyConservation/GGX_TransmissionEnergyArray.uexp" 162
"../../../Engine/Content/EngineMaterials/EnergyConservation/GGX_ReflectionEnergy.uasset" 163
"../../../Engine/Content/EngineMaterials/EnergyConservation/GGX_ReflectionEnergy.uexp" 164
"../../../Engine/Content/EngineMaterials/EnergyConservation/Diffuse_Energy.uasset" 165
"../../../Engine/Content/EngineMaterials/EnergyConservation/Diffuse_Energy.uexp" 166
"../../../Engine/Content/EditorResources/SequenceRecorder/RecordingIndicator.uasset" 167
"../../../Engine/Content/EditorResources/SequenceRecorder/RecordingIndicator.uexp" 168
"../../../Engine/Content/EditorResources/SequenceRecorder/Countdown.uasset" 169
"../../../Engine/Content/EditorResources/SequenceRecorder/Countdown.uexp" 170
"../../../Engine/Content/EditorMaterials/ParticleSystems/PSysThumbnail_OOD.ubulk" 171
"../../../Engine/Content/EditorMaterials/ParticleSystems/PSysThumbnail_OOD.uasset" 172
"../../../Engine/Content/EditorMaterials/ParticleSystems/PSysThumbnail_OOD.uexp" 173
"../../../Engine/Content/EditorMaterials/ParticleSystems/PSysThumbnail_NoImage.ubulk" 174
"../../../Engine/Content/EditorMaterials/ParticleSystems/PSysThumbnail_NoImage.uasset" 175
"../../../Engine/Content/EditorMaterials/ParticleSystems/PSysThumbnail_NoImage.uexp" 176
"../../../Engine/Content/EngineResources/DefaultTextureCube.uasset" 177
"../../../Engine/Content/EngineResources/DefaultTextureCube.uexp" 178
"../../../Engine/Content/EngineResources/DefaultVolumeTexture2D.uasset" 179
"../../../Engine/Content/EngineResources/DefaultVolumeTexture2D.uexp" 180
"../../../Engine/Content/EngineResources/DefaultVolumeTexture.uasset" 181
"../../../Engine/Content/EngineResources/DefaultVolumeTexture.uexp" 182
"../../../Engine/Plugins/Runtime/CommonUI/Content/DefaultMediaTexture.uasset" 183
"../../../Engine/Plugins/Runtime/CommonUI/Content/DefaultMediaTexture.uexp" 184
"../../../Engine/Plugins/Runtime/CommonUI/Content/VideoPlayerMaterial.uasset" 185
"../../../Engine/Plugins/Runtime/CommonUI/Content/VideoPlayerMaterial.uexp" 186
"../../../Engine/Content/Functions/Engine_MaterialFunctions02/WorldPositionOffset/CameraOffset.uasset" 187
"../../../Engine/Content/Functions/Engine_MaterialFunctions02/WorldPositionOffset/CameraOffset.uexp" 188
"../../../Engine/Plugins/Animation/ControlRig/Content/M_Manip.uasset" 189
"../../../Engine/Plugins/Animation/ControlRig/Content/M_Manip.uexp" 190
"../../../Engine/Plugins/Runtime/MeshModelingToolset/Content/Materials/M_DynamicMeshComponentVtxColor.uasset" 191
"../../../Engine/Plugins/Runtime/MeshModelingToolset/Content/Materials/M_DynamicMeshComponentVtxColor.uexp" 192
"../../../Engine/Plugins/Runtime/HairStrands/Content/Materials/HairMeshesDefaultMaterial.uasset" 193
"../../../Engine/Plugins/Runtime/HairStrands/Content/Materials/HairMeshesDefaultMaterial.uexp" 194
"../../../Engine/Plugins/Runtime/HairStrands/Content/Materials/HairDefaultMaterial.uasset" 195
"../../../Engine/Plugins/Runtime/HairStrands/Content/Materials/HairDefaultMaterial.uexp" 196
"../../../Engine/Plugins/Runtime/HairStrands/Content/Materials/HairGroupColors.uasset" 197
"../../../Engine/Plugins/Runtime/HairStrands/Content/Materials/HairGroupColors.uexp" 198
"../../../Engine/Content/Functions/Engine_MaterialFunctions02/Utility/MakeFloat2.uasset" 199
"../../../Engine/Content/Functions/Engine_MaterialFunctions02/Utility/MakeFloat2.uexp" 200
"../../../Engine/Content/Functions/Engine_MaterialFunctions02/Utility/MakeFloat3.uasset" 201
"../../../Engine/Content/Functions/Engine_MaterialFunctions02/Utility/MakeFloat3.uexp" 202
"../../../Engine/Content/EngineMaterials/HairColorMap.uasset" 203
"../../../Engine/Content/EngineMaterials/HairColorMap.uexp" 204
"../../../Engine/Content/EngineMaterials/HairDebugColor.uasset" 205
"../../../Engine/Content/EngineMaterials/HairDebugColor.uexp" 206
"../../../Engine/Plugins/Runtime/HairStrands/Content/Materials/HairDebugMaterial.uasset" 207
"../../../Engine/Plugins/Runtime/HairStrands/Content/Materials/HairDebugMaterial.uexp" 208
"../../../Engine/Plugins/Runtime/HairStrands/Content/Materials/HairCardsDefaultMaterial.uasset" 209
"../../../Engine/Plugins/Runtime/HairStrands/Content/Materials/HairCardsDefaultMaterial.uexp" 210
"../../../Engine/Plugins/Interchange/Assets/Content/Functions/MX_UsdPreviewSurface.uasset" 211
"../../../Engine/Plugins/Interchange/Assets/Content/Functions/MX_UsdPreviewSurface.uexp" 212
"../../../Engine/Plugins/Interchange/Assets/Content/Functions/MX_UniformEDF.uasset" 213
"../../../Engine/Plugins/Interchange/Assets/Content/Functions/MX_UniformEDF.uexp" 214
"../../../Engine/Plugins/Interchange/Assets/Content/Functions/MX_TranslucentBSDF.uasset" 215
"../../../Engine/Plugins/Interchange/Assets/Content/Functions/MX_TranslucentBSDF.uexp" 216
"../../../Engine/Plugins/Interchange/Assets/Content/Functions/MX_ThinFilmBSDF.uasset" 217
"../../../Engine/Plugins/Interchange/Assets/Content/Functions/MX_ThinFilmBSDF.uexp" 218
"../../../Engine/Plugins/Interchange/Assets/Content/Functions/MX_SurfaceUnlit.uasset" 219
"../../../Engine/Plugins/Interchange/Assets/Content/Functions/MX_SurfaceUnlit.uexp" 220
"../../../Engine/Plugins/Interchange/Assets/Content/Functions/MX_Surface.uasset" 221
"../../../Engine/Plugins/Interchange/Assets/Content/Functions/MX_Surface.uexp" 222
"../../../Engine/Plugins/Interchange/Assets/Content/Functions/MX_SubsurfaceBSDF.uasset" 223
"../../../Engine/Plugins/Interchange/Assets/Content/Functions/MX_SubsurfaceBSDF.uexp" 224
"../../../Engine/Plugins/Interchange/Assets/Content/Functions/MX_SheenBSDF.uasset" 225
"../../../Engine/Plugins/Interchange/Assets/Content/Functions/MX_SheenBSDF.uexp" 226
"../../../Engine/Plugins/Interchange/Assets/Content/Functions/MX_OrenNayarBSDF.uasset" 227
"../../../Engine/Plugins/Interchange/Assets/Content/Functions/MX_OrenNayarBSDF.uexp" 228
"../../../Engine/Plugins/Interchange/Assets/Content/Utilities/New_LUT.uasset" 229
"../../../Engine/Plugins/Interchange/Assets/Content/Utilities/New_LUT.uexp" 230
"../../../Engine/Content/Functions/Engine_MaterialFunctions03/Math/RemapValueRange.uasset" 231
"../../../Engine/Content/Functions/Engine_MaterialFunctions03/Math/RemapValueRange.uexp" 232
"../../../Engine/Plugins/Interchange/Assets/Content/Functions/MF_Iridescence.uasset" 233
"../../../Engine/Plugins/Interchange/Assets/Content/Functions/MF_Iridescence.uexp" 234
"../../../Engine/Plugins/Interchange/Assets/Content/Functions/MX_StandardSurface.uasset" 235
"../../../Engine/Plugins/Interchange/Assets/Content/Functions/MX_StandardSurface.uexp" 236
"../../../Engine/Plugins/Interchange/Assets/Content/Functions/MX_TransmissionSurface.uasset" 237
"../../../Engine/Plugins/Interchange/Assets/Content/Functions/MX_TransmissionSurface.uexp" 238
"../../../Engine/Plugins/Interchange/Assets/Content/Functions/MX_OpenPBR_Translucent.uasset" 239
"../../../Engine/Plugins/Interchange/Assets/Content/Functions/MX_OpenPBR_Translucent.uexp" 240
"../../../Engine/Plugins/Interchange/Assets/Content/Functions/MX_OpenPBR_Opaque.uasset" 241
"../../../Engine/Plugins/Interchange/Assets/Content/Functions/MX_OpenPBR_Opaque.uexp" 242
"../../../Engine/Plugins/Interchange/Assets/Content/Functions/MX_MeasuredEDF.uasset" 243
"../../../Engine/Plugins/Interchange/Assets/Content/Functions/MX_MeasuredEDF.uexp" 244
"../../../Engine/Plugins/Interchange/Assets/Content/Functions/MX_GeneralizedSchlickBSDF.uasset" 245
"../../../Engine/Plugins/Interchange/Assets/Content/Functions/MX_GeneralizedSchlickBSDF.uexp" 246
"../../../Engine/Plugins/Interchange/Assets/Content/Functions/MX_DielectricBSDF.uasset" 247
"../../../Engine/Plugins/Interchange/Assets/Content/Functions/MX_DielectricBSDF.uexp" 248
"../../../Engine/Plugins/Interchange/Assets/Content/Functions/MX_ConicalEDF.uasset" 249
"../../../Engine/Plugins/Interchange/Assets/Content/Functions/MX_ConicalEDF.uexp" 250
"../../../Engine/Plugins/Interchange/Assets/Content/Functions/MX_ConductorBSDF.uasset" 251
"../../../Engine/Plugins/Interchange/Assets/Content/Functions/MX_ConductorBSDF.uexp" 252
"../../../Engine/Plugins/Interchange/Assets/Content/Functions/MX_BurleyDiffuseBSDF.uasset" 253
"../../../Engine/Plugins/Interchange/Assets/Content/Functions/MX_BurleyDiffuseBSDF.uexp" 254
"../../../Engine/Plugins/Interchange/Assets/Content/Functions/MX_AnisotropicVDF.uasset" 255
"../../../Engine/Plugins/Interchange/Assets/Content/Functions/MX_AnisotropicVDF.uexp" 256
"../../../Engine/Plugins/Interchange/Assets/Content/Functions/MX_AbsorptionVDF.uasset" 257
"../../../Engine/Plugins/Interchange/Assets/Content/Functions/MX_AbsorptionVDF.uexp" 258
"../../../Engine/Plugins/Editor/SpeedTreeImporter/Content/SpeedTree9/game_wind_noise.ubulk" 259
"../../../Engine/Plugins/Editor/SpeedTreeImporter/Content/SpeedTree9/game_wind_noise.uasset" 260
"../../../Engine/Plugins/Editor/SpeedTreeImporter/Content/SpeedTree9/game_wind_noise.uexp" 261
"../../../Engine/Plugins/Editor/SpeedTreeImporter/Content/SpeedTree9/UnpackDirection.uasset" 262
"../../../Engine/Plugins/Editor/SpeedTreeImporter/Content/SpeedTree9/UnpackDirection.uexp" 263
"../../../Engine/Content/Functions/Engine_MaterialFunctions02/ObjectLocalBounds.uasset" 264
"../../../Engine/Content/Functions/Engine_MaterialFunctions02/ObjectLocalBounds.uexp" 265
"../../../Engine/Content/Functions/Engine_MaterialFunctions02/Utility/BreakOutFloat3Components.uasset" 266
"../../../Engine/Content/Functions/Engine_MaterialFunctions02/Utility/BreakOutFloat3Components.uexp" 267
"../../../Engine/Content/Functions/Engine_MaterialFunctions02/UVs/BoundingBoxBased_0-1_UVW.uasset" 268
"../../../Engine/Content/Functions/Engine_MaterialFunctions02/UVs/BoundingBoxBased_0-1_UVW.uexp" 269
"../../../Engine/Content/Functions/Engine_MaterialFunctions02/Utility/VectorLength.uasset" 270
"../../../Engine/Content/Functions/Engine_MaterialFunctions02/Utility/VectorLength.uexp" 271
"../../../Engine/Plugins/Editor/SpeedTreeImporter/Content/SpeedTree9/UnpackInteger3.uasset" 272
"../../../Engine/Plugins/Editor/SpeedTreeImporter/Content/SpeedTree9/UnpackInteger3.uexp" 273
"../../../Engine/Plugins/Editor/SpeedTreeImporter/Content/SpeedTree9/SpeedTreeCameraFacing.uasset" 274
"../../../Engine/Plugins/Editor/SpeedTreeImporter/Content/SpeedTree9/SpeedTreeCameraFacing.uexp" 275
"../../../Engine/Content/Functions/Engine_MaterialFunctions02/WorldPositionOffset/ObjectScale.uasset" 276
"../../../Engine/Content/Functions/Engine_MaterialFunctions02/WorldPositionOffset/ObjectScale.uexp" 277
"../../../Engine/Content/Functions/Engine_MaterialFunctions02/SafeNormalize.uasset" 278
"../../../Engine/Content/Functions/Engine_MaterialFunctions02/SafeNormalize.uexp" 279
"../../../Engine/Plugins/Editor/SpeedTreeImporter/Content/SpeedTree9/SpeedTreeWindMotion.uasset" 280
"../../../Engine/Plugins/Editor/SpeedTreeImporter/Content/SpeedTree9/SpeedTreeWindMotion.uexp" 281
"../../../Engine/Plugins/Editor/SpeedTreeImporter/Content/SpeedTree9/SpeedTreeBranchMotion.uasset" 282
"../../../Engine/Plugins/Editor/SpeedTreeImporter/Content/SpeedTree9/SpeedTreeBranchMotion.uexp" 283
"../../../Engine/Plugins/Editor/SpeedTreeImporter/Content/SpeedTree9/SpeedTreeWind.uasset" 284
"../../../Engine/Plugins/Editor/SpeedTreeImporter/Content/SpeedTree9/SpeedTreeWind.uexp" 285
"../../../Engine/Plugins/Editor/SpeedTreeImporter/Content/SpeedTree9/EmptyNormal.uasset" 286
"../../../Engine/Plugins/Editor/SpeedTreeImporter/Content/SpeedTree9/EmptyNormal.uexp" 287
"../../../Engine/Plugins/Editor/SpeedTreeImporter/Content/SpeedTree9/Empty.uasset" 288
"../../../Engine/Plugins/Editor/SpeedTreeImporter/Content/SpeedTree9/Empty.uexp" 289
"../../../Engine/Plugins/Editor/SpeedTreeImporter/Content/SpeedTree9/SpeedTreeMaster.uasset" 290
"../../../Engine/Plugins/Editor/SpeedTreeImporter/Content/SpeedTree9/SpeedTreeMaster.uexp" 291
"../../../Engine/Plugins/Editor/SpeedTreeImporter/Content/SpeedTree9/SpeedTreeBillboard.uasset" 292
"../../../Engine/Plugins/Editor/SpeedTreeImporter/Content/SpeedTree9/SpeedTreeBillboard.uexp" 293
"../../../Engine/Plugins/Editor/SpeedTreeImporter/Content/SpeedTree9/SpeedTreeBillboardMaster.uasset" 294
"../../../Engine/Plugins/Editor/SpeedTreeImporter/Content/SpeedTree9/SpeedTreeBillboardMaster.uexp" 295
"../../../Engine/Plugins/Animation/ControlRig/Content/Controls/ControlRigXRayMaterial.uasset" 296
"../../../Engine/Plugins/Animation/ControlRig/Content/Controls/ControlRigXRayMaterial.uexp" 297
"../../../Engine/Plugins/Animation/ControlRig/Content/Controls/ControlRigGizmoMaterial.uasset" 298
"../../../Engine/Plugins/Animation/ControlRig/Content/Controls/ControlRigGizmoMaterial.uexp" 299
"../../../Engine/Content/EngineMaterials/RemoveSurfaceMaterial.uasset" 300
"../../../Engine/Content/EngineMaterials/RemoveSurfaceMaterial.uexp" 301
"../../../Engine/Content/EngineMaterials/DefaultCalibrationGrayscale.uasset" 302
"../../../Engine/Content/EngineMaterials/DefaultCalibrationGrayscale.uexp" 303
"../../../Engine/Content/EngineMaterials/PPM_DefaultCalibrationGrayscale.uasset" 304
"../../../Engine/Content/EngineMaterials/PPM_DefaultCalibrationGrayscale.uexp" 305
"../../../Engine/Content/EngineMaterials/DefaultCalibrationColor.uasset" 306
"../../../Engine/Content/EngineMaterials/DefaultCalibrationColor.uexp" 307
"../../../Engine/Content/EngineMaterials/PPM_DefaultCalibrationColor.uasset" 308
"../../../Engine/Content/EngineMaterials/PPM_DefaultCalibrationColor.uexp" 309
"../../../Engine/Content/EngineMaterials/PhAT_JointLimitMaterial.uasset" 310
"../../../Engine/Content/EngineMaterials/PhAT_JointLimitMaterial.uexp" 311
"../../../Engine/Content/EngineMaterials/NaniteHiddenSectionMaterial.uasset" 312
"../../../Engine/Content/EngineMaterials/NaniteHiddenSectionMaterial.uexp" 313
"../../../Engine/Content/EngineMaterials/InvalidLightmapSettings.ubulk" 314
"../../../Engine/Content/EngineMaterials/InvalidLightmapSettings.uasset" 315
"../../../Engine/Content/EngineMaterials/InvalidLightmapSettings.uexp" 316
"../../../Engine/Content/EngineMaterials/M_InvalidLightmapSettings.uasset" 317
"../../../Engine/Content/EngineMaterials/M_InvalidLightmapSettings.uexp" 318
"../../../Engine/Content/EngineMaterials/GizmoMaterial.uasset" 319
"../../../Engine/Content/EngineMaterials/GizmoMaterial.uexp" 320
"../../../Engine/Content/EngineMaterials/BaseFlattenEmissiveMap_VT.uasset" 321
"../../../Engine/Content/EngineMaterials/BaseFlattenEmissiveMap_VT.uexp" 322
"../../../Engine/Content/EngineMaterials/BaseFlattenGrayscaleMap_VT.uasset" 323
"../../../Engine/Content/EngineMaterials/BaseFlattenGrayscaleMap_VT.uexp" 324
"../../../Engine/Content/EngineMaterials/BaseFlattenLinearColor_VT.uasset" 325
"../../../Engine/Content/EngineMaterials/BaseFlattenLinearColor_VT.uexp" 326
"../../../Engine/Content/EngineMaterials/Black_1x1_EXR_Texture_VT.uasset" 327
"../../../Engine/Content/EngineMaterials/Black_1x1_EXR_Texture_VT.uexp" 328
"../../../Engine/Content/EngineMaterials/BaseFlattenDiffuseMap_VT.uasset" 329
"../../../Engine/Content/EngineMaterials/BaseFlattenDiffuseMap_VT.uexp" 330
"../../../Engine/Content/EngineMaterials/BaseFlattenNormalMap_VT.uasset" 331
"../../../Engine/Content/EngineMaterials/BaseFlattenNormalMap_VT.uexp" 332
"../../../Engine/Content/EngineMaterials/FlattenMaterial_WS_Normal_VT.uasset" 333
"../../../Engine/Content/EngineMaterials/FlattenMaterial_WS_Normal_VT.uexp" 334
"../../../Engine/Content/EngineMaterials/FlattenMaterial_VT.uasset" 335
"../../../Engine/Content/EngineMaterials/FlattenMaterial_VT.uexp" 336
"../../../Engine/Content/EngineMaterials/BaseFlattenNormalMap.uasset" 337
"../../../Engine/Content/EngineMaterials/BaseFlattenNormalMap.uexp" 338
"../../../Engine/Content/EngineMaterials/BaseFlattenGrayscaleMap.uasset" 339
"../../../Engine/Content/EngineMaterials/BaseFlattenGrayscaleMap.uexp" 340
"../../../Engine/Content/EngineMaterials/BaseFlattenDiffuseMap.uasset" 341
"../../../Engine/Content/EngineMaterials/BaseFlattenDiffuseMap.uexp" 342
"../../../Engine/Content/Functions/Engine_MaterialFunctions02/PivotPainter2/Black_1x1_EXR_Texture.uasset" 343
"../../../Engine/Content/Functions/Engine_MaterialFunctions02/PivotPainter2/Black_1x1_EXR_Texture.uexp" 344
"../../../Engine/Content/EngineMaterials/BaseFlattenEmissiveMap.uasset" 345
"../../../Engine/Content/EngineMaterials/BaseFlattenEmissiveMap.uexp" 346
"../../../Engine/Content/EngineMaterials/BaseFlattenLinearColor.uasset" 347
"../../../Engine/Content/EngineMaterials/BaseFlattenLinearColor.uexp" 348
"../../../Engine/Content/EngineMaterials/FlattenMaterial.uasset" 349
"../../../Engine/Content/EngineMaterials/FlattenMaterial.uexp" 350
"../../../Engine/Content/EngineMaterials/DefaultWhiteGrid_Low.uasset" 351
"../../../Engine/Content/EngineMaterials/DefaultWhiteGrid_Low.uexp" 352
"../../../Engine/Content/EngineMaterials/EmissiveMeshMaterial.uasset" 353
"../../../Engine/Content/EngineMaterials/EmissiveMeshMaterial.uexp" 354
"../../../Engine/Content/EngineFonts/RobotoDistanceField.uasset" 355
"../../../Engine/Content/EngineFonts/RobotoDistanceField.uexp" 356
"../../../Engine/Content/EngineMaterials/DefaultTextMaterialOpaque.uasset" 357
"../../../Engine/Content/EngineMaterials/DefaultTextMaterialOpaque.uexp" 358
"../../../Engine/Content/EngineMaterials/DefaultDiffuse.ubulk" 359
"../../../Engine/Content/EngineMaterials/DefaultDiffuse.uasset" 360
"../../../Engine/Content/EngineMaterials/DefaultDiffuse.uexp" 361
"../../../Engine/Content/Functions/Engine_MaterialFunctions02/Utility/BreakOutFloat2Components.uasset" 362
"../../../Engine/Content/Functions/Engine_MaterialFunctions02/Utility/BreakOutFloat2Components.uexp" 363
"../../../Engine/Content/EngineMaterials/DefaultPostProcessMaterial.uasset" 364
"../../../Engine/Content/EngineMaterials/DefaultPostProcessMaterial.uexp" 365
"../../../Engine/Content/EngineMaterials/DefaultLightFunctionMaterial.uasset" 366
"../../../Engine/Content/EngineMaterials/DefaultLightFunctionMaterial.uexp" 367
"../../../Engine/Content/EngineMaterials/DefaultDeferredDecalMaterial.uasset" 368
"../../../Engine/Content/EngineMaterials/DefaultDeferredDecalMaterial.uexp" 369
"../../../Engine/Content/Functions/Engine_MaterialFunctions02/Utility/CameraDirectionVector.uasset" 370
"../../../Engine/Content/Functions/Engine_MaterialFunctions02/Utility/CameraDirectionVector.uexp" 371
"../../../Engine/Content/EngineDebugMaterials/VolumeToRender.uasset" 372
"../../../Engine/Content/EngineDebugMaterials/VolumeToRender.uexp" 373
"../../../Engine/Content/EngineDebugMaterials/M_VolumeRenderSphereTracePP.uasset" 374
"../../../Engine/Content/EngineDebugMaterials/M_VolumeRenderSphereTracePP.uexp" 375
"../../../Engine/Content/EngineDebugMaterials/M_SimpleUnlitTranslucent.uasset" 376
"../../../Engine/Content/EngineDebugMaterials/M_SimpleUnlitTranslucent.uexp" 377
"../../../Engine/Content/EngineDebugMaterials/DebugMeshMaterial.uasset" 378
"../../../Engine/Content/EngineDebugMaterials/DebugMeshMaterial.uexp" 379
"../../../Engine/Content/EngineDebugMaterials/DebugEditorMaterial.uasset" 380
"../../../Engine/Content/EngineDebugMaterials/DebugEditorMaterial.uexp" 381
"../../../Engine/Content/EditorMaterials/PreviewShadowIndicator.ubulk" 382
"../../../Engine/Content/EditorMaterials/PreviewShadowIndicator.uasset" 383
"../../../Engine/Content/EditorMaterials/PreviewShadowIndicator.uexp" 384
"../../../Engine/Content/EditorMaterials/PreviewShadowIndicatorMaterial.uasset" 385
"../../../Engine/Content/EditorMaterials/PreviewShadowIndicatorMaterial.uexp" 386
"../../../Engine/Content/EditorMaterials/PhAT_UnselectedMaterial.uasset" 387
"../../../Engine/Content/EditorMaterials/PhAT_UnselectedMaterial.uexp" 388
"../../../Engine/Content/EditorMaterials/PhAT_NoCollisionMaterial.uasset" 389
"../../../Engine/Content/EditorMaterials/PhAT_NoCollisionMaterial.uexp" 390
"../../../Engine/Content/BasicShapes/BasicShapeMaterial.uasset" 391
"../../../Engine/Content/BasicShapes/BasicShapeMaterial.uexp" 392
"../../../Engine/Content/EditorMaterials/Dataflow/DataflowVertexMaterial.uasset" 393
"../../../Engine/Content/EditorMaterials/Dataflow/DataflowVertexMaterial.uexp" 394
"../../../Engine/Content/EditorMaterials/Dataflow/DataflowTwoSidedVertexMaterial.uasset" 395
"../../../Engine/Content/EditorMaterials/Dataflow/DataflowTwoSidedVertexMaterial.uexp" 396
"../../../Engine/Content/Functions/Engine_MaterialFunctions01/Shading/PowerToRoughness.uasset" 397
"../../../Engine/Content/Functions/Engine_MaterialFunctions01/Shading/PowerToRoughness.uexp" 398
"../../../Engine/Content/Functions/Engine_MaterialFunctions01/Shading/ConvertFromDiffSpec.uasset" 399
"../../../Engine/Content/Functions/Engine_MaterialFunctions01/Shading/ConvertFromDiffSpec.uexp" 400
"../../../Engine/Content/EngineMaterials/Substrate/Volume/SubstrateSimpleVolumeLUT3D.uasset" 401
"../../../Engine/Content/EngineMaterials/Substrate/Volume/SubstrateSimpleVolumeLUT3D.uexp" 402
"../../../Engine/Content/EngineMaterials/Substrate/Volume/SubstrateSimpleVolumeEnvLUT3D.uasset" 403
"../../../Engine/Content/EngineMaterials/Substrate/Volume/SubstrateSimpleVolumeEnvLUT3D.uexp" 404
"../../../Engine/Content/EngineMaterials/Substrate/GLints/AGlintTex2dArray.uasset" 405
"../../../Engine/Content/EngineMaterials/Substrate/GLints/AGlintTex2dArray.uexp" 406
"../../../Engine/Content/EngineMaterials/Substrate/GLints2/AGlintTex2dArray2.uasset" 407
"../../../Engine/Content/EngineMaterials/Substrate/GLints2/AGlintTex2dArray2.uexp" 408
"D:/Projects/CGF/MobileGame/Plugins/CommonGameplayFramework/Content/Audio/Setting/GameSoundMix.uasset" 409
"D:/Projects/CGF/MobileGame/Plugins/CommonGameplayFramework/Content/Audio/Setting/GameSoundMix.uexp" 410
"D:/Projects/CGF/MobileGame/Plugins/CommonGameplayFramework/Content/Audio/Setting/SoundClass_Chat.uasset" 411
"D:/Projects/CGF/MobileGame/Plugins/CommonGameplayFramework/Content/Audio/Setting/SoundClass_Chat.uexp" 412
"D:/Projects/CGF/MobileGame/Plugins/CommonGameplayFramework/Content/Audio/Setting/SoundClass_UI.uasset" 413
"D:/Projects/CGF/MobileGame/Plugins/CommonGameplayFramework/Content/Audio/Setting/SoundClass_UI.uexp" 414
"D:/Projects/CGF/MobileGame/Plugins/CommonGameplayFramework/Content/Audio/Setting/SoundClass_Music.uasset" 415
"D:/Projects/CGF/MobileGame/Plugins/CommonGameplayFramework/Content/Audio/Setting/SoundClass_Music.uexp" 416
"D:/Projects/CGF/MobileGame/Plugins/CommonGameplayFramework/Content/Audio/Setting/SoundClass_Dialogue.uasset" 417
"D:/Projects/CGF/MobileGame/Plugins/CommonGameplayFramework/Content/Audio/Setting/SoundClass_Dialogue.uexp" 418
"D:/Projects/CGF/MobileGame/Plugins/CommonGameplayFramework/Content/Audio/Setting/SoundClass_Overall.uasset" 419
"D:/Projects/CGF/MobileGame/Plugins/CommonGameplayFramework/Content/Audio/Setting/SoundClass_Overall.uexp" 420
"D:/Projects/CGF/MobileGame/Plugins/CommonGameplayFramework/Content/Audio/Setting/SoundClass_SFX.uasset" 421
"D:/Projects/CGF/MobileGame/Plugins/CommonGameplayFramework/Content/Audio/Setting/SoundClass_SFX.uexp" 422
"D:/Projects/CGF/MobileGame/Plugins/CommonGameplayFramework/Content/Data/GameSetting/B_VolumeSFX.uasset" 423
"D:/Projects/CGF/MobileGame/Plugins/CommonGameplayFramework/Content/Data/GameSetting/B_VolumeSFX.uexp" 424
"D:/Projects/CGF/MobileGame/Plugins/CommonGameplayFramework/Content/Data/GameSetting/B_VolumeUI.uasset" 425
"D:/Projects/CGF/MobileGame/Plugins/CommonGameplayFramework/Content/Data/GameSetting/B_VolumeUI.uexp" 426
"D:/Projects/CGF/MobileGame/Plugins/CommonGameplayFramework/Content/Data/GameSetting/B_VolumeChat.uasset" 427
"D:/Projects/CGF/MobileGame/Plugins/CommonGameplayFramework/Content/Data/GameSetting/B_VolumeChat.uexp" 428
"D:/Projects/CGF/MobileGame/Plugins/CommonGameplayFramework/Content/Data/GameSetting/B_ScreenSize.uasset" 429
"D:/Projects/CGF/MobileGame/Plugins/CommonGameplayFramework/Content/Data/GameSetting/B_ScreenSize.uexp" 430
"D:/Projects/CGF/MobileGame/Plugins/CommonGameplayFramework/Content/Data/GameSetting/B_VolumeOverall.uasset" 431
"D:/Projects/CGF/MobileGame/Plugins/CommonGameplayFramework/Content/Data/GameSetting/B_VolumeOverall.uexp" 432
"D:/Projects/CGF/MobileGame/Plugins/CommonGameplayFramework/Content/Data/GameSetting/B_VolumeDialogue.uasset" 433
"D:/Projects/CGF/MobileGame/Plugins/CommonGameplayFramework/Content/Data/GameSetting/B_VolumeDialogue.uexp" 434
"D:/Projects/CGF/MobileGame/Plugins/CommonGameplayFramework/Content/Data/GameSetting/B_VolumeMusic.uasset" 435
"D:/Projects/CGF/MobileGame/Plugins/CommonGameplayFramework/Content/Data/GameSetting/B_VolumeMusic.uexp" 436
"D:/Projects/CGF/MobileGame/Plugins/CommonGameplayFramework/Content/Data/GameSetting/B_FullScreen.uasset" 437
"D:/Projects/CGF/MobileGame/Plugins/CommonGameplayFramework/Content/Data/GameSetting/B_FullScreen.uexp" 438
"D:/Projects/CGF/MobileGame/Plugins/CommonGameplayFramework/Content/Data/GameSetting/DT_GameSettings.uasset" 439
"D:/Projects/CGF/MobileGame/Plugins/CommonGameplayFramework/Content/Data/GameSetting/DT_GameSettings.uexp" 440
"../../../Engine/Content/EngineMaterials/WeightMapPlaceholderTexture.uasset" 441
"../../../Engine/Content/EngineMaterials/WeightMapPlaceholderTexture.uexp" 442
"../../../Engine/Content/EngineMaterials/WeightMapArrayPlaceholderTexture.uasset" 443
"../../../Engine/Content/EngineMaterials/WeightMapArrayPlaceholderTexture.uexp" 444
"../../../Engine/Plugins/NNE/NNEDenoiser/Content/NNEDIM_ColorAlbedoNormal_Alpha.uasset" 445
"../../../Engine/Plugins/NNE/NNEDenoiser/Content/NNEDIM_ColorAlbedoNormal_Alpha.uexp" 446
"../../../Engine/Plugins/NNE/NNEDenoiser/Content/NNEDIM_ColorAlbedoNormal_Default.uasset" 447
"../../../Engine/Plugins/NNE/NNEDenoiser/Content/NNEDIM_ColorAlbedoNormal_Default.uexp" 448
"../../../Engine/Plugins/NNE/NNEDenoiser/Content/NNEDIM_HighQuality_Alpha.uasset" 449
"../../../Engine/Plugins/NNE/NNEDenoiser/Content/NNEDIM_HighQuality_Alpha.uexp" 450
"../../../Engine/Plugins/NNE/NNEDenoiser/Content/NNEDIM_HighQuality_Default.uasset" 451
"../../../Engine/Plugins/NNE/NNEDenoiser/Content/NNEDIM_HighQuality_Default.uexp" 452
"../../../Engine/Plugins/NNE/NNEDenoiser/Content/NNEDOM_Output_Alpha.uasset" 453
"../../../Engine/Plugins/NNE/NNEDenoiser/Content/NNEDOM_Output_Alpha.uexp" 454
"../../../Engine/Plugins/NNE/NNEDenoiser/Content/NNEDOM_Output_Default.uasset" 455
"../../../Engine/Plugins/NNE/NNEDenoiser/Content/NNEDOM_Output_Default.uexp" 456
"../../../Engine/Plugins/NNE/NNEDenoiser/Content/NNEDTIM_ColorAlbedoNormal_Alpha.uasset" 457
"../../../Engine/Plugins/NNE/NNEDenoiser/Content/NNEDTIM_ColorAlbedoNormal_Alpha.uexp" 458
"../../../Engine/Plugins/NNE/NNEDenoiser/Content/NNEDTIM_ColorAlbedoNormal_Default.uasset" 459
"../../../Engine/Plugins/NNE/NNEDenoiser/Content/NNEDTIM_ColorAlbedoNormal_Default.uexp" 460
"../../../Engine/Plugins/NNE/NNEDenoiser/Content/NNEDTOM_Output_Alpha.uasset" 461
"../../../Engine/Plugins/NNE/NNEDenoiser/Content/NNEDTOM_Output_Alpha.uexp" 462
"../../../Engine/Plugins/NNE/NNEDenoiser/Content/NNEDTOM_Output_Default.uasset" 463
"../../../Engine/Plugins/NNE/NNEDenoiser/Content/NNEDTOM_Output_Default.uexp" 464
"../../../Engine/Content/EngineMeshes/Sphere.ubulk" 465
"../../../Engine/Content/EngineMeshes/Sphere.uasset" 466
"../../../Engine/Content/EngineMeshes/Sphere.uexp" 467
"../../../Engine/Content/EngineMaterials/T_Default_Material_Grid_M.ubulk" 468
"../../../Engine/Content/EngineMaterials/T_Default_Material_Grid_M.uasset" 469
"../../../Engine/Content/EngineMaterials/T_Default_Material_Grid_M.uexp" 470
"../../../Engine/Content/EngineMaterials/T_Default_Material_Grid_N.ubulk" 471
"../../../Engine/Content/EngineMaterials/T_Default_Material_Grid_N.uasset" 472
"../../../Engine/Content/EngineMaterials/T_Default_Material_Grid_N.uexp" 473
"../../../Engine/Content/Functions/Engine_MaterialFunctions01/Opacity/CameraDepthFade.uasset" 474
"../../../Engine/Content/Functions/Engine_MaterialFunctions01/Opacity/CameraDepthFade.uexp" 475
"../../../Engine/Content/EngineMaterials/WorldGridMaterial.uasset" 476
"../../../Engine/Content/EngineMaterials/WorldGridMaterial.uexp" 477
"../../../Engine/Content/ArtTools/RenderToTexture/Meshes/S_1_Unit_Plane.ubulk" 478
"../../../Engine/Content/ArtTools/RenderToTexture/Meshes/S_1_Unit_Plane.uasset" 479
"../../../Engine/Content/ArtTools/RenderToTexture/Meshes/S_1_Unit_Plane.uexp" 480
"../../../Engine/Content/EditorMaterials/Camera/CineMat.uasset" 481
"../../../Engine/Content/EditorMaterials/Camera/CineMat.uexp" 482
"../../../Engine/Content/EditorMaterials/Camera/MI_CineMat_Rig.uasset" 483
"../../../Engine/Content/EditorMaterials/Camera/MI_CineMat_Rig.uexp" 484
"../../../Engine/Content/EditorMeshes/Camera/SM_CraneRig_Arm.ubulk" 485
"../../../Engine/Content/EditorMeshes/Camera/SM_CraneRig_Arm.uasset" 486
"../../../Engine/Content/EditorMeshes/Camera/SM_CraneRig_Arm.uexp" 487
"../../../Engine/Content/EditorMeshes/Camera/SM_CraneRig_Base.ubulk" 488
"../../../Engine/Content/EditorMeshes/Camera/SM_CraneRig_Base.uasset" 489
"../../../Engine/Content/EditorMeshes/Camera/SM_CraneRig_Base.uexp" 490
"../../../Engine/Content/EditorMeshes/Camera/SM_CraneRig_Body.ubulk" 491
"../../../Engine/Content/EditorMeshes/Camera/SM_CraneRig_Body.uasset" 492
"../../../Engine/Content/EditorMeshes/Camera/SM_CraneRig_Body.uexp" 493
"../../../Engine/Content/EditorMeshes/Camera/SM_CraneRig_Mount.ubulk" 494
"../../../Engine/Content/EditorMeshes/Camera/SM_CraneRig_Mount.uasset" 495
"../../../Engine/Content/EditorMeshes/Camera/SM_CraneRig_Mount.uexp" 496
"../../../Engine/Content/EditorMeshes/Camera/SM_RailRig_Mount.ubulk" 497
"../../../Engine/Content/EditorMeshes/Camera/SM_RailRig_Mount.uasset" 498
"../../../Engine/Content/EditorMeshes/Camera/SM_RailRig_Mount.uexp" 499
"../../../Engine/Content/EditorMeshes/Camera/SM_RailRig_Track.ubulk" 500
"../../../Engine/Content/EditorMeshes/Camera/SM_RailRig_Track.uasset" 501
"../../../Engine/Content/EditorMeshes/Camera/SM_RailRig_Track.uexp" 502
"../../../Engine/Content/EngineSky/VolumetricClouds/T_CloudMask.ubulk" 503
"../../../Engine/Content/EngineSky/VolumetricClouds/T_CloudMask.uasset" 504
"../../../Engine/Content/EngineSky/VolumetricClouds/T_CloudMask.uexp" 505
"../../../Engine/Content/EngineSky/VolumetricClouds/VT_Lightning.uasset" 506
"../../../Engine/Content/EngineSky/VolumetricClouds/VT_Lightning.uexp" 507
"../../../Engine/Content/EngineSky/VolumetricClouds/T_Profile_08.ubulk" 508
"../../../Engine/Content/EngineSky/VolumetricClouds/T_Profile_08.uasset" 509
"../../../Engine/Content/EngineSky/VolumetricClouds/T_Profile_08.uexp" 510
"../../../Engine/Content/Functions/Engine_MaterialFunctions02/Utility/MakeFloat4.uasset" 511
"../../../Engine/Content/Functions/Engine_MaterialFunctions02/Utility/MakeFloat4.uexp" 512
"../../../Engine/Content/Functions/Engine_MaterialFunctions01/Units/Km-to-Cm.uasset" 513
"../../../Engine/Content/Functions/Engine_MaterialFunctions01/Units/Km-to-Cm.uexp" 514
"../../../Engine/Content/Functions/Engine_MaterialFunctions02/Utility/BreakOutFloat4Components.uasset" 515
"../../../Engine/Content/Functions/Engine_MaterialFunctions02/Utility/BreakOutFloat4Components.uexp" 516
"../../../Engine/Content/EngineSky/VolumetricClouds/T_CloudPattern.ubulk" 517
"../../../Engine/Content/EngineSky/VolumetricClouds/T_CloudPattern.uasset" 518
"../../../Engine/Content/EngineSky/VolumetricClouds/T_CloudPattern.uexp" 519
"../../../Engine/Content/EngineSky/VolumetricClouds/VT_PerlinWorley_Balanced.uasset" 520
"../../../Engine/Content/EngineSky/VolumetricClouds/VT_PerlinWorley_Balanced.uexp" 521
"../../../Engine/Content/EngineSky/VolumetricClouds/m_SimpleVolumetricCloud.uasset" 522
"../../../Engine/Content/EngineSky/VolumetricClouds/m_SimpleVolumetricCloud.uexp" 523
"../../../Engine/Content/EngineSky/VolumetricClouds/m_SimpleVolumetricCloud_Inst.uasset" 524
"../../../Engine/Content/EngineSky/VolumetricClouds/m_SimpleVolumetricCloud_Inst.uexp" 525
"../../../Engine/Content/VREditor/LaserPointer/VR_LaserPower_01.ubulk" 526
"../../../Engine/Content/VREditor/LaserPointer/VR_LaserPower_01.uasset" 527
"../../../Engine/Content/VREditor/LaserPointer/VR_LaserPower_01.uexp" 528
"../../../Engine/Content/VREditor/TransformGizmo/TransformGizmoMaterial.uasset" 529
"../../../Engine/Content/VREditor/TransformGizmo/TransformGizmoMaterial.uexp" 530
"../../../Engine/Content/VREditor/TransformGizmo/TranslucentTransformGizmoMaterial.uasset" 531
"../../../Engine/Content/VREditor/TransformGizmo/TranslucentTransformGizmoMaterial.uexp" 532
"../../../Engine/Content/VREditor/TransformGizmo/BoundingBoxCorner.ubulk" 533
"../../../Engine/Content/VREditor/TransformGizmo/BoundingBoxCorner.uasset" 534
"../../../Engine/Content/VREditor/TransformGizmo/BoundingBoxCorner.uexp" 535
"../../../Engine/Content/VREditor/TransformGizmo/BoundingBoxEdge.ubulk" 536
"../../../Engine/Content/VREditor/TransformGizmo/BoundingBoxEdge.uasset" 537
"../../../Engine/Content/VREditor/TransformGizmo/BoundingBoxEdge.uexp" 538
"../../../Engine/Content/VREditor/TransformGizmo/Main.uasset" 539
"../../../Engine/Content/VREditor/TransformGizmo/Main.uexp" 540
"../../../Engine/Content/VREditor/TransformGizmo/Xray.uasset" 541
"../../../Engine/Content/VREditor/TransformGizmo/Xray.uexp" 542
"../../../Engine/Content/VREditor/TransformGizmo/SM_Sequencer_Node.ubulk" 543
"../../../Engine/Content/VREditor/TransformGizmo/SM_Sequencer_Node.uasset" 544
"../../../Engine/Content/VREditor/TransformGizmo/SM_Sequencer_Node.uexp" 545
"../../../Engine/Content/Functions/Engine_MaterialFunctions02/Math/Transform3x3Matrix.uasset" 546
"../../../Engine/Content/Functions/Engine_MaterialFunctions02/Math/Transform3x3Matrix.uexp" 547
"../../../Engine/Plugins/Interchange/Assets/Content/gltf/Textures/T_White_srgb.uasset" 548
"../../../Engine/Plugins/Interchange/Assets/Content/gltf/Textures/T_White_srgb.uexp" 549
"../../../Engine/Plugins/Interchange/Assets/Content/gltf/MaterialFunctions/MF_Specular.uasset" 550
"../../../Engine/Plugins/Interchange/Assets/Content/gltf/MaterialFunctions/MF_Specular.uexp" 551
"../../../Engine/Plugins/Interchange/Assets/Content/gltf/Textures/T_Anisotropy_Direction_Linear.uasset" 552
"../../../Engine/Plugins/Interchange/Assets/Content/gltf/Textures/T_Anisotropy_Direction_Linear.uexp" 553
"../../../Engine/Plugins/Interchange/Assets/Content/gltf/MaterialFunctions/MF_SpecularAnisotropy.uasset" 554
"../../../Engine/Plugins/Interchange/Assets/Content/gltf/MaterialFunctions/MF_SpecularAnisotropy.uexp" 555
"../../../Engine/Plugins/Interchange/Assets/Content/gltf/Textures/T_White_Linear.uasset" 556
"../../../Engine/Plugins/Interchange/Assets/Content/gltf/Textures/T_White_Linear.uexp" 557
"../../../Engine/Plugins/Interchange/Assets/Content/gltf/MaterialFunctions/MF_MetallicRoughness.uasset" 558
"../../../Engine/Plugins/Interchange/Assets/Content/gltf/MaterialFunctions/MF_MetallicRoughness.uexp" 559
"../../../Engine/Plugins/Interchange/Assets/Content/gltf/Textures/T_Generic_N.uasset" 560
"../../../Engine/Plugins/Interchange/Assets/Content/gltf/Textures/T_Generic_N.uexp" 561
"../../../Engine/Plugins/Interchange/Assets/Content/gltf/MaterialFunctions/MF_ScaleNormal.uasset" 562
"../../../Engine/Plugins/Interchange/Assets/Content/gltf/MaterialFunctions/MF_ScaleNormal.uexp" 563
"../../../Engine/Plugins/Interchange/Assets/Content/gltf/MaterialFunctions/MF_BaseColor.uasset" 564
"../../../Engine/Plugins/Interchange/Assets/Content/gltf/MaterialFunctions/MF_BaseColor.uexp" 565
"../../../Engine/Plugins/Interchange/Assets/Content/gltf/MaterialFunctions/MF_Iridescence.uasset" 566
"../../../Engine/Plugins/Interchange/Assets/Content/gltf/MaterialFunctions/MF_Iridescence.uexp" 567
"../../../Engine/Plugins/Interchange/Assets/Content/gltf/MaterialFunctions/MF_Occlusion.uasset" 568
"../../../Engine/Plugins/Interchange/Assets/Content/gltf/MaterialFunctions/MF_Occlusion.uexp" 569
"../../../Engine/Plugins/Interchange/Assets/Content/gltf/MaterialFunctions/MF_IOR.uasset" 570
"../../../Engine/Plugins/Interchange/Assets/Content/gltf/MaterialFunctions/MF_IOR.uexp" 571
"../../../Engine/Plugins/Interchange/Assets/Content/gltf/MaterialFunctions/MF_RotateV2.uasset" 572
"../../../Engine/Plugins/Interchange/Assets/Content/gltf/MaterialFunctions/MF_RotateV2.uexp" 573
"../../../Engine/Plugins/Interchange/Assets/Content/gltf/MaterialFunctions/MF_TransformUVs.uasset" 574
"../../../Engine/Plugins/Interchange/Assets/Content/gltf/MaterialFunctions/MF_TransformUVs.uexp" 575
"../../../Engine/Plugins/Interchange/Assets/Content/gltf/MaterialFunctions/MF_Emissive.uasset" 576
"../../../Engine/Plugins/Interchange/Assets/Content/gltf/MaterialFunctions/MF_Emissive.uexp" 577
"../../../Engine/Plugins/Interchange/Assets/Content/gltf/MaterialFunctions/MF_RotateNormals_TS.uasset" 578
"../../../Engine/Plugins/Interchange/Assets/Content/gltf/MaterialFunctions/MF_RotateNormals_TS.uexp" 579
"../../../Engine/Plugins/Interchange/Assets/Content/gltf/MaterialFunctions/MF_Normals.uasset" 580
"../../../Engine/Plugins/Interchange/Assets/Content/gltf/MaterialFunctions/MF_Normals.uexp" 581
"../../../Engine/Content/Functions/Engine_MaterialFunctions01/Texturing/FlattenNormal.uasset" 582
"../../../Engine/Content/Functions/Engine_MaterialFunctions01/Texturing/FlattenNormal.uexp" 583
"../../../Engine/Plugins/Interchange/Assets/Content/gltf/MaterialFunctions/MF_Clearcoat.uasset" 584
"../../../Engine/Plugins/Interchange/Assets/Content/gltf/MaterialFunctions/MF_Clearcoat.uexp" 585
"../../../Engine/Plugins/Interchange/Assets/Content/gltf/MaterialBodies/MF_ClearCoat_Body.uasset" 586
"../../../Engine/Plugins/Interchange/Assets/Content/gltf/MaterialBodies/MF_ClearCoat_Body.uexp" 587
"../../../Engine/Plugins/Interchange/Assets/Content/gltf/M_ClearCoat.uasset" 588
"../../../Engine/Plugins/Interchange/Assets/Content/gltf/M_ClearCoat.uexp" 589
"../../../Engine/Plugins/Interchange/Assets/Content/gltf/MaterialInstances/MI_ClearCoat_Blend.uasset" 590
"../../../Engine/Plugins/Interchange/Assets/Content/gltf/MaterialInstances/MI_ClearCoat_Blend.uexp" 591
"../../../Engine/Plugins/Interchange/Assets/Content/gltf/MaterialInstances/MI_ClearCoat_Blend_DS.uasset" 592
"../../../Engine/Plugins/Interchange/Assets/Content/gltf/MaterialInstances/MI_ClearCoat_Blend_DS.uexp" 593
"../../../Engine/Plugins/Interchange/Assets/Content/gltf/MaterialInstances/MI_ClearCoat_Mask.uasset" 594
"../../../Engine/Plugins/Interchange/Assets/Content/gltf/MaterialInstances/MI_ClearCoat_Mask.uexp" 595
"../../../Engine/Plugins/Interchange/Assets/Content/gltf/MaterialInstances/MI_ClearCoat_Mask_DS.uasset" 596
"../../../Engine/Plugins/Interchange/Assets/Content/gltf/MaterialInstances/MI_ClearCoat_Mask_DS.uexp" 597
"../../../Engine/Plugins/Interchange/Assets/Content/gltf/MaterialInstances/MI_ClearCoat_Opaque.uasset" 598
"../../../Engine/Plugins/Interchange/Assets/Content/gltf/MaterialInstances/MI_ClearCoat_Opaque.uexp" 599
"../../../Engine/Plugins/Interchange/Assets/Content/gltf/MaterialInstances/MI_ClearCoat_Opaque_DS.uasset" 600
"../../../Engine/Plugins/Interchange/Assets/Content/gltf/MaterialInstances/MI_ClearCoat_Opaque_DS.uexp" 601
"../../../Engine/Plugins/Interchange/Assets/Content/gltf/MaterialBodies/MF_Default_Body.uasset" 602
"../../../Engine/Plugins/Interchange/Assets/Content/gltf/MaterialBodies/MF_Default_Body.uexp" 603
"../../../Engine/Plugins/Interchange/Assets/Content/gltf/M_Default.uasset" 604
"../../../Engine/Plugins/Interchange/Assets/Content/gltf/M_Default.uexp" 605
"../../../Engine/Plugins/Interchange/Assets/Content/gltf/MaterialInstances/MI_Default_Blend.uasset" 606
"../../../Engine/Plugins/Interchange/Assets/Content/gltf/MaterialInstances/MI_Default_Blend.uexp" 607
"../../../Engine/Plugins/Interchange/Assets/Content/gltf/MaterialInstances/MI_Default_Blend_DS.uasset" 608
"../../../Engine/Plugins/Interchange/Assets/Content/gltf/MaterialInstances/MI_Default_Blend_DS.uexp" 609
"../../../Engine/Plugins/Interchange/Assets/Content/gltf/MaterialInstances/MI_Default_Mask.uasset" 610
"../../../Engine/Plugins/Interchange/Assets/Content/gltf/MaterialInstances/MI_Default_Mask.uexp" 611
"../../../Engine/Plugins/Interchange/Assets/Content/gltf/MaterialInstances/MI_Default_Mask_DS.uasset" 612
"../../../Engine/Plugins/Interchange/Assets/Content/gltf/MaterialInstances/MI_Default_Mask_DS.uexp" 613
"../../../Engine/Plugins/Interchange/Assets/Content/gltf/MaterialInstances/MI_Default_Opaque.uasset" 614
"../../../Engine/Plugins/Interchange/Assets/Content/gltf/MaterialInstances/MI_Default_Opaque.uexp" 615
"../../../Engine/Plugins/Interchange/Assets/Content/gltf/MaterialInstances/MI_Default_Opaque_DS.uasset" 616
"../../../Engine/Plugins/Interchange/Assets/Content/gltf/MaterialInstances/MI_Default_Opaque_DS.uexp" 617
"../../../Engine/Plugins/Interchange/Assets/Content/gltf/MaterialFunctions/MF_Sheen.uasset" 618
"../../../Engine/Plugins/Interchange/Assets/Content/gltf/MaterialFunctions/MF_Sheen.uexp" 619
"../../../Engine/Plugins/Interchange/Assets/Content/gltf/MaterialBodies/MF_Sheen_Body.uasset" 620
"../../../Engine/Plugins/Interchange/Assets/Content/gltf/MaterialBodies/MF_Sheen_Body.uexp" 621
"../../../Engine/Plugins/Interchange/Assets/Content/gltf/M_Sheen.uasset" 622
"../../../Engine/Plugins/Interchange/Assets/Content/gltf/M_Sheen.uexp" 623
"../../../Engine/Plugins/Interchange/Assets/Content/gltf/MaterialInstances/MI_Sheen_Blend.uasset" 624
"../../../Engine/Plugins/Interchange/Assets/Content/gltf/MaterialInstances/MI_Sheen_Blend.uexp" 625
"../../../Engine/Plugins/Interchange/Assets/Content/gltf/MaterialInstances/MI_Sheen_Blend_DS.uasset" 626
"../../../Engine/Plugins/Interchange/Assets/Content/gltf/MaterialInstances/MI_Sheen_Blend_DS.uexp" 627
"../../../Engine/Plugins/Interchange/Assets/Content/gltf/MaterialInstances/MI_Sheen_Mask.uasset" 628
"../../../Engine/Plugins/Interchange/Assets/Content/gltf/MaterialInstances/MI_Sheen_Mask.uexp" 629
"../../../Engine/Plugins/Interchange/Assets/Content/gltf/MaterialInstances/MI_Sheen_Mask_DS.uasset" 630
"../../../Engine/Plugins/Interchange/Assets/Content/gltf/MaterialInstances/MI_Sheen_Mask_DS.uexp" 631
"../../../Engine/Plugins/Interchange/Assets/Content/gltf/MaterialInstances/MI_Sheen_Opaque.uasset" 632
"../../../Engine/Plugins/Interchange/Assets/Content/gltf/MaterialInstances/MI_Sheen_Opaque.uexp" 633
"../../../Engine/Plugins/Interchange/Assets/Content/gltf/MaterialInstances/MI_Sheen_Opaque_DS.uasset" 634
"../../../Engine/Plugins/Interchange/Assets/Content/gltf/MaterialInstances/MI_Sheen_Opaque_DS.uexp" 635
"../../../Engine/Content/Functions/Engine_MaterialFunctions02/Math/AddComponents.uasset" 636
"../../../Engine/Content/Functions/Engine_MaterialFunctions02/Math/AddComponents.uexp" 637
"../../../Engine/Plugins/Interchange/Assets/Content/gltf/MaterialFunctions/MF_DiffuseSpecGloss.uasset" 638
"../../../Engine/Plugins/Interchange/Assets/Content/gltf/MaterialFunctions/MF_DiffuseSpecGloss.uexp" 639
"../../../Engine/Plugins/Interchange/Assets/Content/gltf/MaterialFunctions/MF_PerceivedBrightness.uasset" 640
"../../../Engine/Plugins/Interchange/Assets/Content/gltf/MaterialFunctions/MF_PerceivedBrightness.uexp" 641
"../../../Engine/Plugins/Interchange/Assets/Content/gltf/MaterialFunctions/MF_SpecGlossToMetalRoughness.uasset" 642
"../../../Engine/Plugins/Interchange/Assets/Content/gltf/MaterialFunctions/MF_SpecGlossToMetalRoughness.uexp" 643
"../../../Engine/Plugins/Interchange/Assets/Content/gltf/MaterialFunctions/MF_MaxComponentValue.uasset" 644
"../../../Engine/Plugins/Interchange/Assets/Content/gltf/MaterialFunctions/MF_MaxComponentValue.uexp" 645
"../../../Engine/Plugins/Interchange/Assets/Content/gltf/MaterialBodies/MF_SpecularGlossiness_Body.uasset" 646
"../../../Engine/Plugins/Interchange/Assets/Content/gltf/MaterialBodies/MF_SpecularGlossiness_Body.uexp" 647
"../../../Engine/Plugins/Interchange/Assets/Content/gltf/M_SpecularGlossiness.uasset" 648
"../../../Engine/Plugins/Interchange/Assets/Content/gltf/M_SpecularGlossiness.uexp" 649
"../../../Engine/Plugins/Interchange/Assets/Content/gltf/MaterialInstances/MI_SpecularGlossiness_Blend.uasset" 650
"../../../Engine/Plugins/Interchange/Assets/Content/gltf/MaterialInstances/MI_SpecularGlossiness_Blend.uexp" 651
"../../../Engine/Plugins/Interchange/Assets/Content/gltf/MaterialInstances/MI_SpecularGlossiness_Blend_DS.uasset" 652
"../../../Engine/Plugins/Interchange/Assets/Content/gltf/MaterialInstances/MI_SpecularGlossiness_Blend_DS.uexp" 653
"../../../Engine/Plugins/Interchange/Assets/Content/gltf/MaterialInstances/MI_SpecularGlossiness_Mask.uasset" 654
"../../../Engine/Plugins/Interchange/Assets/Content/gltf/MaterialInstances/MI_SpecularGlossiness_Mask.uexp" 655
"../../../Engine/Plugins/Interchange/Assets/Content/gltf/MaterialInstances/MI_SpecularGlossiness_Mask_DS.uasset" 656
"../../../Engine/Plugins/Interchange/Assets/Content/gltf/MaterialInstances/MI_SpecularGlossiness_Mask_DS.uexp" 657
"../../../Engine/Plugins/Interchange/Assets/Content/gltf/MaterialInstances/MI_SpecularGlossiness_Opaque.uasset" 658
"../../../Engine/Plugins/Interchange/Assets/Content/gltf/MaterialInstances/MI_SpecularGlossiness_Opaque.uexp" 659
"../../../Engine/Plugins/Interchange/Assets/Content/gltf/MaterialInstances/MI_SpecularGlossiness_Opaque_DS.uasset" 660
"../../../Engine/Plugins/Interchange/Assets/Content/gltf/MaterialInstances/MI_SpecularGlossiness_Opaque_DS.uexp" 661
"../../../Engine/Content/EngineMaterials/Good64x64TilingNoiseHighFreq.uasset" 662
"../../../Engine/Content/EngineMaterials/Good64x64TilingNoiseHighFreq.uexp" 663
"../../../Engine/Content/Functions/Engine_MaterialFunctions02/Texturing/ScreenAlignedPixelToPixelUVs.uasset" 664
"../../../Engine/Content/Functions/Engine_MaterialFunctions02/Texturing/ScreenAlignedPixelToPixelUVs.uexp" 665
"../../../Engine/Plugins/Interchange/Assets/Content/gltf/MaterialFunctions/MF_Temporal_Blur.uasset" 666
"../../../Engine/Plugins/Interchange/Assets/Content/gltf/MaterialFunctions/MF_Temporal_Blur.uexp" 667
"../../../Engine/Plugins/Interchange/Assets/Content/gltf/MaterialFunctions/MF_Fresnel_DS.uasset" 668
"../../../Engine/Plugins/Interchange/Assets/Content/gltf/MaterialFunctions/MF_Fresnel_DS.uexp" 669
"../../../Engine/Plugins/Interchange/Assets/Content/gltf/MaterialFunctions/MF_Transmission.uasset" 670
"../../../Engine/Plugins/Interchange/Assets/Content/gltf/MaterialFunctions/MF_Transmission.uexp" 671
"../../../Engine/Plugins/Interchange/Assets/Content/gltf/MaterialBodies/MF_Transmission_Body.uasset" 672
"../../../Engine/Plugins/Interchange/Assets/Content/gltf/MaterialBodies/MF_Transmission_Body.uexp" 673
"../../../Engine/Plugins/Interchange/Assets/Content/gltf/M_Transmission.uasset" 674
"../../../Engine/Plugins/Interchange/Assets/Content/gltf/M_Transmission.uexp" 675
"../../../Engine/Plugins/Interchange/Assets/Content/gltf/MaterialInstances/MI_Transmission.uasset" 676
"../../../Engine/Plugins/Interchange/Assets/Content/gltf/MaterialInstances/MI_Transmission.uexp" 677
"../../../Engine/Plugins/Interchange/Assets/Content/gltf/MaterialInstances/MI_Transmission_DS.uasset" 678
"../../../Engine/Plugins/Interchange/Assets/Content/gltf/MaterialInstances/MI_Transmission_DS.uexp" 679
"../../../Engine/Plugins/Interchange/Assets/Content/gltf/MaterialBodies/MF_Unlit_Body.uasset" 680
"../../../Engine/Plugins/Interchange/Assets/Content/gltf/MaterialBodies/MF_Unlit_Body.uexp" 681
"../../../Engine/Plugins/Interchange/Assets/Content/gltf/M_Unlit.uasset" 682
"../../../Engine/Plugins/Interchange/Assets/Content/gltf/M_Unlit.uexp" 683
"../../../Engine/Plugins/Interchange/Assets/Content/gltf/MaterialInstances/MI_Unlit_Blend.uasset" 684
"../../../Engine/Plugins/Interchange/Assets/Content/gltf/MaterialInstances/MI_Unlit_Blend.uexp" 685
"../../../Engine/Plugins/Interchange/Assets/Content/gltf/MaterialInstances/MI_Unlit_Blend_DS.uasset" 686
"../../../Engine/Plugins/Interchange/Assets/Content/gltf/MaterialInstances/MI_Unlit_Blend_DS.uexp" 687
"../../../Engine/Plugins/Interchange/Assets/Content/gltf/MaterialInstances/MI_Unlit_Mask.uasset" 688
"../../../Engine/Plugins/Interchange/Assets/Content/gltf/MaterialInstances/MI_Unlit_Mask.uexp" 689
"../../../Engine/Plugins/Interchange/Assets/Content/gltf/MaterialInstances/MI_Unlit_Mask_DS.uasset" 690
"../../../Engine/Plugins/Interchange/Assets/Content/gltf/MaterialInstances/MI_Unlit_Mask_DS.uexp" 691
"../../../Engine/Plugins/Interchange/Assets/Content/gltf/MaterialInstances/MI_Unlit_Opaque.uasset" 692
"../../../Engine/Plugins/Interchange/Assets/Content/gltf/MaterialInstances/MI_Unlit_Opaque.uexp" 693
"../../../Engine/Plugins/Interchange/Assets/Content/gltf/MaterialInstances/MI_Unlit_Opaque_DS.uasset" 694
"../../../Engine/Plugins/Interchange/Assets/Content/gltf/MaterialInstances/MI_Unlit_Opaque_DS.uexp" 695
"../../../Engine/Content/EngineMaterials/DefaultMaterial.uasset" 696
"../../../Engine/Content/EngineMaterials/DefaultMaterial.uexp" 697
"../../../Engine/Content/BasicShapes/Cone.ubulk" 698
"../../../Engine/Content/BasicShapes/Cone.uasset" 699
"../../../Engine/Content/BasicShapes/Cone.uexp" 700
"../../../Engine/Content/BasicShapes/Cube.ubulk" 701
"../../../Engine/Content/BasicShapes/Cube.uasset" 702
"../../../Engine/Content/BasicShapes/Cube.uexp" 703
"../../../Engine/Content/BasicShapes/Cylinder.ubulk" 704
"../../../Engine/Content/BasicShapes/Cylinder.uasset" 705
"../../../Engine/Content/BasicShapes/Cylinder.uexp" 706
"../../../Engine/Content/BasicShapes/Plane.ubulk" 707
"../../../Engine/Content/BasicShapes/Plane.uasset" 708
"../../../Engine/Content/BasicShapes/Plane.uexp" 709
"../../../Engine/Content/BasicShapes/Sphere.ubulk" 710
"../../../Engine/Content/BasicShapes/Sphere.uasset" 711
"../../../Engine/Content/BasicShapes/Sphere.uexp" 712
"../../../Engine/Content/EditorLandscapeResources/SplineEditorMeshMat.uasset" 713
"../../../Engine/Content/EditorLandscapeResources/SplineEditorMeshMat.uexp" 714
"../../../Engine/Content/EditorLandscapeResources/SplineEditorMesh.ubulk" 715
"../../../Engine/Content/EditorLandscapeResources/SplineEditorMesh.uasset" 716
"../../../Engine/Content/EditorLandscapeResources/SplineEditorMesh.uexp" 717
"../../../Engine/Content/EngineResources/WhiteSquareTexture.uasset" 718
"../../../Engine/Content/EngineResources/WhiteSquareTexture.uexp" 719
"../../../Engine/Content/EngineMaterials/Widget3DPassThrough.uasset" 720
"../../../Engine/Content/EngineMaterials/Widget3DPassThrough.uexp" 721
"../../../Engine/Content/EngineMaterials/Widget3DPassThrough_Masked.uasset" 722
"../../../Engine/Content/EngineMaterials/Widget3DPassThrough_Masked.uexp" 723
"../../../Engine/Content/EngineMaterials/Widget3DPassThrough_Opaque.uasset" 724
"../../../Engine/Content/EngineMaterials/Widget3DPassThrough_Opaque.uexp" 725
"../../../Engine/Content/EngineMaterials/Widget3DPassThrough_Masked_OneSided.uasset" 726
"../../../Engine/Content/EngineMaterials/Widget3DPassThrough_Masked_OneSided.uexp" 727
"../../../Engine/Content/EngineMaterials/Widget3DPassThrough_Opaque_OneSided.uasset" 728
"../../../Engine/Content/EngineMaterials/Widget3DPassThrough_Opaque_OneSided.uexp" 729
"../../../Engine/Content/EngineMaterials/Widget3DPassThrough_Translucent.uasset" 730
"../../../Engine/Content/EngineMaterials/Widget3DPassThrough_Translucent.uexp" 731
"../../../Engine/Content/EngineMaterials/Widget3DPassThrough_Translucent_OneSided.uasset" 732
"../../../Engine/Content/EngineMaterials/Widget3DPassThrough_Translucent_OneSided.uexp" 733
"../../../Engine/Plugins/Animation/ControlRig/Content/Controls/ControlRig_Arrow2_1mm.ubulk" 734
"../../../Engine/Plugins/Animation/ControlRig/Content/Controls/ControlRig_Arrow2_1mm.uasset" 735
"../../../Engine/Plugins/Animation/ControlRig/Content/Controls/ControlRig_Arrow2_1mm.uexp" 736
"../../../Engine/Plugins/Animation/ControlRig/Content/Controls/ControlRig_Arrow2_3mm.ubulk" 737
"../../../Engine/Plugins/Animation/ControlRig/Content/Controls/ControlRig_Arrow2_3mm.uasset" 738
"../../../Engine/Plugins/Animation/ControlRig/Content/Controls/ControlRig_Arrow2_3mm.uexp" 739
"../../../Engine/Plugins/Animation/ControlRig/Content/Controls/ControlRig_Arrow2_solid.ubulk" 740
"../../../Engine/Plugins/Animation/ControlRig/Content/Controls/ControlRig_Arrow2_solid.uasset" 741
"../../../Engine/Plugins/Animation/ControlRig/Content/Controls/ControlRig_Arrow2_solid.uexp" 742
"../../../Engine/Plugins/Animation/ControlRig/Content/Controls/ControlRig_Arrow4_1mm.ubulk" 743
"../../../Engine/Plugins/Animation/ControlRig/Content/Controls/ControlRig_Arrow4_1mm.uasset" 744
"../../../Engine/Plugins/Animation/ControlRig/Content/Controls/ControlRig_Arrow4_1mm.uexp" 745
"../../../Engine/Plugins/Animation/ControlRig/Content/Controls/ControlRig_Arrow4_3mm.ubulk" 746
"../../../Engine/Plugins/Animation/ControlRig/Content/Controls/ControlRig_Arrow4_3mm.uasset" 747
"../../../Engine/Plugins/Animation/ControlRig/Content/Controls/ControlRig_Arrow4_3mm.uexp" 748
"../../../Engine/Plugins/Animation/ControlRig/Content/Controls/ControlRig_Arrow4_solid.ubulk" 749
"../../../Engine/Plugins/Animation/ControlRig/Content/Controls/ControlRig_Arrow4_solid.uasset" 750
"../../../Engine/Plugins/Animation/ControlRig/Content/Controls/ControlRig_Arrow4_solid.uexp" 751
"../../../Engine/Plugins/Animation/ControlRig/Content/Controls/ControlRig_Arrow_1mm.ubulk" 752
"../../../Engine/Plugins/Animation/ControlRig/Content/Controls/ControlRig_Arrow_1mm.uasset" 753
"../../../Engine/Plugins/Animation/ControlRig/Content/Controls/ControlRig_Arrow_1mm.uexp" 754
"../../../Engine/Plugins/Animation/ControlRig/Content/Controls/ControlRig_Arrow_3mm.ubulk" 755
"../../../Engine/Plugins/Animation/ControlRig/Content/Controls/ControlRig_Arrow_3mm.uasset" 756
"../../../Engine/Plugins/Animation/ControlRig/Content/Controls/ControlRig_Arrow_3mm.uexp" 757
"../../../Engine/Plugins/Animation/ControlRig/Content/Controls/ControlRig_Arrow_solid.ubulk" 758
"../../../Engine/Plugins/Animation/ControlRig/Content/Controls/ControlRig_Arrow_solid.uasset" 759
"../../../Engine/Plugins/Animation/ControlRig/Content/Controls/ControlRig_Arrow_solid.uexp" 760
"../../../Engine/Plugins/Animation/ControlRig/Content/Controls/ControlRig_Box_1mm.ubulk" 761
"../../../Engine/Plugins/Animation/ControlRig/Content/Controls/ControlRig_Box_1mm.uasset" 762
"../../../Engine/Plugins/Animation/ControlRig/Content/Controls/ControlRig_Box_1mm.uexp" 763
"../../../Engine/Plugins/Animation/ControlRig/Content/Controls/ControlRig_Box_3mm.ubulk" 764
"../../../Engine/Plugins/Animation/ControlRig/Content/Controls/ControlRig_Box_3mm.uasset" 765
"../../../Engine/Plugins/Animation/ControlRig/Content/Controls/ControlRig_Box_3mm.uexp" 766
"../../../Engine/Plugins/Animation/ControlRig/Content/Controls/ControlRig_Box_solid.ubulk" 767
"../../../Engine/Plugins/Animation/ControlRig/Content/Controls/ControlRig_Box_solid.uasset" 768
"../../../Engine/Plugins/Animation/ControlRig/Content/Controls/ControlRig_Box_solid.uexp" 769
"../../../Engine/Plugins/Animation/ControlRig/Content/Controls/ControlRig_Circle_1mm.ubulk" 770
"../../../Engine/Plugins/Animation/ControlRig/Content/Controls/ControlRig_Circle_1mm.uasset" 771
"../../../Engine/Plugins/Animation/ControlRig/Content/Controls/ControlRig_Circle_1mm.uexp" 772
"../../../Engine/Plugins/Animation/ControlRig/Content/Controls/ControlRig_Circle_3mm.ubulk" 773
"../../../Engine/Plugins/Animation/ControlRig/Content/Controls/ControlRig_Circle_3mm.uasset" 774
"../../../Engine/Plugins/Animation/ControlRig/Content/Controls/ControlRig_Circle_3mm.uexp" 775
"../../../Engine/Plugins/Animation/ControlRig/Content/Controls/ControlRig_Circle_solid.ubulk" 776
"../../../Engine/Plugins/Animation/ControlRig/Content/Controls/ControlRig_Circle_solid.uasset" 777
"../../../Engine/Plugins/Animation/ControlRig/Content/Controls/ControlRig_Circle_solid.uexp" 778
"../../../Engine/Plugins/Animation/ControlRig/Content/Controls/ControlRig_Diamond_1mm.ubulk" 779
"../../../Engine/Plugins/Animation/ControlRig/Content/Controls/ControlRig_Diamond_1mm.uasset" 780
"../../../Engine/Plugins/Animation/ControlRig/Content/Controls/ControlRig_Diamond_1mm.uexp" 781
"../../../Engine/Plugins/Animation/ControlRig/Content/Controls/ControlRig_Diamond_3mm.ubulk" 782
"../../../Engine/Plugins/Animation/ControlRig/Content/Controls/ControlRig_Diamond_3mm.uasset" 783
"../../../Engine/Plugins/Animation/ControlRig/Content/Controls/ControlRig_Diamond_3mm.uexp" 784
"../../../Engine/Plugins/Animation/ControlRig/Content/Controls/ControlRig_Diamond_solid.ubulk" 785
"../../../Engine/Plugins/Animation/ControlRig/Content/Controls/ControlRig_Diamond_solid.uasset" 786
"../../../Engine/Plugins/Animation/ControlRig/Content/Controls/ControlRig_Diamond_solid.uexp" 787
"../../../Engine/Plugins/Animation/ControlRig/Content/Controls/ControlRig_HalfCircle_1mm.ubulk" 788
"../../../Engine/Plugins/Animation/ControlRig/Content/Controls/ControlRig_HalfCircle_1mm.uasset" 789
"../../../Engine/Plugins/Animation/ControlRig/Content/Controls/ControlRig_HalfCircle_1mm.uexp" 790
"../../../Engine/Plugins/Animation/ControlRig/Content/Controls/ControlRig_HalfCircle_3mm.ubulk" 791
"../../../Engine/Plugins/Animation/ControlRig/Content/Controls/ControlRig_HalfCircle_3mm.uasset" 792
"../../../Engine/Plugins/Animation/ControlRig/Content/Controls/ControlRig_HalfCircle_3mm.uexp" 793
"../../../Engine/Plugins/Animation/ControlRig/Content/Controls/ControlRig_HalfCircle_solid.ubulk" 794
"../../../Engine/Plugins/Animation/ControlRig/Content/Controls/ControlRig_HalfCircle_solid.uasset" 795
"../../../Engine/Plugins/Animation/ControlRig/Content/Controls/ControlRig_HalfCircle_solid.uexp" 796
"../../../Engine/Plugins/Animation/ControlRig/Content/Controls/ControlRig_Hexagon_1mm.ubulk" 797
"../../../Engine/Plugins/Animation/ControlRig/Content/Controls/ControlRig_Hexagon_1mm.uasset" 798
"../../../Engine/Plugins/Animation/ControlRig/Content/Controls/ControlRig_Hexagon_1mm.uexp" 799
"../../../Engine/Plugins/Animation/ControlRig/Content/Controls/ControlRig_Hexagon_3mm.ubulk" 800
"../../../Engine/Plugins/Animation/ControlRig/Content/Controls/ControlRig_Hexagon_3mm.uasset" 801
"../../../Engine/Plugins/Animation/ControlRig/Content/Controls/ControlRig_Hexagon_3mm.uexp" 802
"../../../Engine/Plugins/Animation/ControlRig/Content/Controls/ControlRig_Hexagon_solid.ubulk" 803
"../../../Engine/Plugins/Animation/ControlRig/Content/Controls/ControlRig_Hexagon_solid.uasset" 804
"../../../Engine/Plugins/Animation/ControlRig/Content/Controls/ControlRig_Hexagon_solid.uexp" 805
"../../../Engine/Plugins/Animation/ControlRig/Content/Controls/ControlRig_Octagon_1mm.ubulk" 806
"../../../Engine/Plugins/Animation/ControlRig/Content/Controls/ControlRig_Octagon_1mm.uasset" 807
"../../../Engine/Plugins/Animation/ControlRig/Content/Controls/ControlRig_Octagon_1mm.uexp" 808
"../../../Engine/Plugins/Animation/ControlRig/Content/Controls/ControlRig_Octagon_3mm.ubulk" 809
"../../../Engine/Plugins/Animation/ControlRig/Content/Controls/ControlRig_Octagon_3mm.uasset" 810
"../../../Engine/Plugins/Animation/ControlRig/Content/Controls/ControlRig_Octagon_3mm.uexp" 811
"../../../Engine/Plugins/Animation/ControlRig/Content/Controls/ControlRig_Octagon_solid.ubulk" 812
"../../../Engine/Plugins/Animation/ControlRig/Content/Controls/ControlRig_Octagon_solid.uasset" 813
"../../../Engine/Plugins/Animation/ControlRig/Content/Controls/ControlRig_Octagon_solid.uexp" 814
"../../../Engine/Plugins/Animation/ControlRig/Content/Controls/ControlRig_Pyramid_1mm.ubulk" 815
"../../../Engine/Plugins/Animation/ControlRig/Content/Controls/ControlRig_Pyramid_1mm.uasset" 816
"../../../Engine/Plugins/Animation/ControlRig/Content/Controls/ControlRig_Pyramid_1mm.uexp" 817
"../../../Engine/Plugins/Animation/ControlRig/Content/Controls/ControlRig_Pyramid_3mm.ubulk" 818
"../../../Engine/Plugins/Animation/ControlRig/Content/Controls/ControlRig_Pyramid_3mm.uasset" 819
"../../../Engine/Plugins/Animation/ControlRig/Content/Controls/ControlRig_Pyramid_3mm.uexp" 820
"../../../Engine/Plugins/Animation/ControlRig/Content/Controls/ControlRig_Pyramid_solid.ubulk" 821
"../../../Engine/Plugins/Animation/ControlRig/Content/Controls/ControlRig_Pyramid_solid.uasset" 822
"../../../Engine/Plugins/Animation/ControlRig/Content/Controls/ControlRig_Pyramid_solid.uexp" 823
"../../../Engine/Plugins/Animation/ControlRig/Content/Controls/ControlRig_QuarterCircle_1mm.ubulk" 824
"../../../Engine/Plugins/Animation/ControlRig/Content/Controls/ControlRig_QuarterCircle_1mm.uasset" 825
"../../../Engine/Plugins/Animation/ControlRig/Content/Controls/ControlRig_QuarterCircle_1mm.uexp" 826
"../../../Engine/Plugins/Animation/ControlRig/Content/Controls/ControlRig_QuarterCircle_3mm.ubulk" 827
"../../../Engine/Plugins/Animation/ControlRig/Content/Controls/ControlRig_QuarterCircle_3mm.uasset" 828
"../../../Engine/Plugins/Animation/ControlRig/Content/Controls/ControlRig_QuarterCircle_3mm.uexp" 829
"../../../Engine/Plugins/Animation/ControlRig/Content/Controls/ControlRig_QuarterCircle_solid.ubulk" 830
"../../../Engine/Plugins/Animation/ControlRig/Content/Controls/ControlRig_QuarterCircle_solid.uasset" 831
"../../../Engine/Plugins/Animation/ControlRig/Content/Controls/ControlRig_QuarterCircle_solid.uexp" 832
"../../../Engine/Plugins/Animation/ControlRig/Content/Controls/ControlRig_RoundedSquare_1mm.ubulk" 833
"../../../Engine/Plugins/Animation/ControlRig/Content/Controls/ControlRig_RoundedSquare_1mm.uasset" 834
"../../../Engine/Plugins/Animation/ControlRig/Content/Controls/ControlRig_RoundedSquare_1mm.uexp" 835
"../../../Engine/Plugins/Animation/ControlRig/Content/Controls/ControlRig_RoundedSquare_3mm.ubulk" 836
"../../../Engine/Plugins/Animation/ControlRig/Content/Controls/ControlRig_RoundedSquare_3mm.uasset" 837
"../../../Engine/Plugins/Animation/ControlRig/Content/Controls/ControlRig_RoundedSquare_3mm.uexp" 838
"../../../Engine/Plugins/Animation/ControlRig/Content/Controls/ControlRig_RoundedSquare_solid.ubulk" 839
"../../../Engine/Plugins/Animation/ControlRig/Content/Controls/ControlRig_RoundedSquare_solid.uasset" 840
"../../../Engine/Plugins/Animation/ControlRig/Content/Controls/ControlRig_RoundedSquare_solid.uexp" 841
"../../../Engine/Plugins/Animation/ControlRig/Content/Controls/ControlRig_RoundedTriangle_1mm.ubulk" 842
"../../../Engine/Plugins/Animation/ControlRig/Content/Controls/ControlRig_RoundedTriangle_1mm.uasset" 843
"../../../Engine/Plugins/Animation/ControlRig/Content/Controls/ControlRig_RoundedTriangle_1mm.uexp" 844
"../../../Engine/Plugins/Animation/ControlRig/Content/Controls/ControlRig_RoundedTriangle_3mm.ubulk" 845
"../../../Engine/Plugins/Animation/ControlRig/Content/Controls/ControlRig_RoundedTriangle_3mm.uasset" 846
"../../../Engine/Plugins/Animation/ControlRig/Content/Controls/ControlRig_RoundedTriangle_3mm.uexp" 847
"../../../Engine/Plugins/Animation/ControlRig/Content/Controls/ControlRig_RoundedTriangle_solid.ubulk" 848
"../../../Engine/Plugins/Animation/ControlRig/Content/Controls/ControlRig_RoundedTriangle_solid.uasset" 849
"../../../Engine/Plugins/Animation/ControlRig/Content/Controls/ControlRig_RoundedTriangle_solid.uexp" 850
"../../../Engine/Plugins/Animation/ControlRig/Content/Controls/ControlRig_Sphere_1mm.ubulk" 851
"../../../Engine/Plugins/Animation/ControlRig/Content/Controls/ControlRig_Sphere_1mm.uasset" 852
"../../../Engine/Plugins/Animation/ControlRig/Content/Controls/ControlRig_Sphere_1mm.uexp" 853
"../../../Engine/Plugins/Animation/ControlRig/Content/Controls/ControlRig_Sphere_3mm.ubulk" 854
"../../../Engine/Plugins/Animation/ControlRig/Content/Controls/ControlRig_Sphere_3mm.uasset" 855
"../../../Engine/Plugins/Animation/ControlRig/Content/Controls/ControlRig_Sphere_3mm.uexp" 856
"../../../Engine/Plugins/Animation/ControlRig/Content/Controls/ControlRig_Sphere_solid.ubulk" 857
"../../../Engine/Plugins/Animation/ControlRig/Content/Controls/ControlRig_Sphere_solid.uasset" 858
"../../../Engine/Plugins/Animation/ControlRig/Content/Controls/ControlRig_Sphere_solid.uexp" 859
"../../../Engine/Plugins/Animation/ControlRig/Content/Controls/ControlRig_Square_1mm.ubulk" 860
"../../../Engine/Plugins/Animation/ControlRig/Content/Controls/ControlRig_Square_1mm.uasset" 861
"../../../Engine/Plugins/Animation/ControlRig/Content/Controls/ControlRig_Square_1mm.uexp" 862
"../../../Engine/Plugins/Animation/ControlRig/Content/Controls/ControlRig_Square_3mm.ubulk" 863
"../../../Engine/Plugins/Animation/ControlRig/Content/Controls/ControlRig_Square_3mm.uasset" 864
"../../../Engine/Plugins/Animation/ControlRig/Content/Controls/ControlRig_Square_3mm.uexp" 865
"../../../Engine/Plugins/Animation/ControlRig/Content/Controls/ControlRig_Square_solid.ubulk" 866
"../../../Engine/Plugins/Animation/ControlRig/Content/Controls/ControlRig_Square_solid.uasset" 867
"../../../Engine/Plugins/Animation/ControlRig/Content/Controls/ControlRig_Square_solid.uexp" 868
"../../../Engine/Plugins/Animation/ControlRig/Content/Controls/ControlRig_Star4_1mm.ubulk" 869
"../../../Engine/Plugins/Animation/ControlRig/Content/Controls/ControlRig_Star4_1mm.uasset" 870
"../../../Engine/Plugins/Animation/ControlRig/Content/Controls/ControlRig_Star4_1mm.uexp" 871
"../../../Engine/Plugins/Animation/ControlRig/Content/Controls/ControlRig_Star4_3mm.ubulk" 872
"../../../Engine/Plugins/Animation/ControlRig/Content/Controls/ControlRig_Star4_3mm.uasset" 873
"../../../Engine/Plugins/Animation/ControlRig/Content/Controls/ControlRig_Star4_3mm.uexp" 874
"../../../Engine/Plugins/Animation/ControlRig/Content/Controls/ControlRig_Star4_solid.ubulk" 875
"../../../Engine/Plugins/Animation/ControlRig/Content/Controls/ControlRig_Star4_solid.uasset" 876
"../../../Engine/Plugins/Animation/ControlRig/Content/Controls/ControlRig_Star4_solid.uexp" 877
"../../../Engine/Plugins/Animation/ControlRig/Content/Controls/ControlRig_Triangle_1mm.ubulk" 878
"../../../Engine/Plugins/Animation/ControlRig/Content/Controls/ControlRig_Triangle_1mm.uasset" 879
"../../../Engine/Plugins/Animation/ControlRig/Content/Controls/ControlRig_Triangle_1mm.uexp" 880
"../../../Engine/Plugins/Animation/ControlRig/Content/Controls/ControlRig_Triangle_3mm.ubulk" 881
"../../../Engine/Plugins/Animation/ControlRig/Content/Controls/ControlRig_Triangle_3mm.uasset" 882
"../../../Engine/Plugins/Animation/ControlRig/Content/Controls/ControlRig_Triangle_3mm.uexp" 883
"../../../Engine/Plugins/Animation/ControlRig/Content/Controls/ControlRig_Triangle_solid.ubulk" 884
"../../../Engine/Plugins/Animation/ControlRig/Content/Controls/ControlRig_Triangle_solid.uasset" 885
"../../../Engine/Plugins/Animation/ControlRig/Content/Controls/ControlRig_Triangle_solid.uexp" 886
"../../../Engine/Plugins/Animation/ControlRig/Content/Controls/ControlRig_Wedge_1mm.ubulk" 887
"../../../Engine/Plugins/Animation/ControlRig/Content/Controls/ControlRig_Wedge_1mm.uasset" 888
"../../../Engine/Plugins/Animation/ControlRig/Content/Controls/ControlRig_Wedge_1mm.uexp" 889
"../../../Engine/Plugins/Animation/ControlRig/Content/Controls/ControlRig_Wedge_3mm.ubulk" 890
"../../../Engine/Plugins/Animation/ControlRig/Content/Controls/ControlRig_Wedge_3mm.uasset" 891
"../../../Engine/Plugins/Animation/ControlRig/Content/Controls/ControlRig_Wedge_3mm.uexp" 892
"../../../Engine/Plugins/Animation/ControlRig/Content/Controls/ControlRig_Wedge_solid.ubulk" 893
"../../../Engine/Plugins/Animation/ControlRig/Content/Controls/ControlRig_Wedge_solid.uasset" 894
"../../../Engine/Plugins/Animation/ControlRig/Content/Controls/ControlRig_Wedge_solid.uexp" 895
"../../../Engine/Content/Functions/Engine_MaterialFunctions02/Texturing/CustomRotator.uasset" 896
"../../../Engine/Content/Functions/Engine_MaterialFunctions02/Texturing/CustomRotator.uexp" 897
"../../../Engine/Content/Functions/Engine_MaterialFunctions01/Texturing/ScaleUVsByCenter.uasset" 898
"../../../Engine/Content/Functions/Engine_MaterialFunctions01/Texturing/ScaleUVsByCenter.uexp" 899
"../../../Engine/Content/Functions/Engine_MaterialFunctions01/Gradient/GeneratedRoundRect.uasset" 900
"../../../Engine/Content/Functions/Engine_MaterialFunctions01/Gradient/GeneratedRoundRect.uexp" 901
"../../../Engine/Content/Functions/Engine_MaterialFunctions01/Gradient/SphereGradient-2D.uasset" 902
"../../../Engine/Content/Functions/Engine_MaterialFunctions01/Gradient/SphereGradient-2D.uexp" 903
"../../../Engine/Plugins/Runtime/AudioWidgets/Content/AudioMaterialSlate/Functions/MF_DotOutlined.uasset" 904
"../../../Engine/Plugins/Runtime/AudioWidgets/Content/AudioMaterialSlate/Functions/MF_DotOutlined.uexp" 905
"../../../Engine/Plugins/Runtime/AudioWidgets/Content/AudioMaterialSlate/M_AudioMaterialEnvelope_ADSR.uasset" 906
"../../../Engine/Plugins/Runtime/AudioWidgets/Content/AudioMaterialSlate/M_AudioMaterialEnvelope_ADSR.uexp" 907
"../../../Engine/Plugins/Runtime/AudioWidgets/Content/AudioMaterialSlate/MI_AudioMaterialEnvelope_ADSR.uasset" 908
"../../../Engine/Plugins/Runtime/AudioWidgets/Content/AudioMaterialSlate/MI_AudioMaterialEnvelope_ADSR.uexp" 909
"../../../Engine/Plugins/Runtime/AudioWidgets/Content/AudioMaterialSlate/Functions/MF_SingleLine_Smooth.uasset" 910
"../../../Engine/Plugins/Runtime/AudioWidgets/Content/AudioMaterialSlate/Functions/MF_SingleLine_Smooth.uexp" 911
"../../../Engine/Plugins/Runtime/AudioWidgets/Content/AudioMaterialSlate/Functions/MF_AngleGradient.uasset" 912
"../../../Engine/Plugins/Runtime/AudioWidgets/Content/AudioMaterialSlate/Functions/MF_AngleGradient.uexp" 913
"../../../Engine/Content/Functions/Engine_MaterialFunctions02/Lerp_3Color.uasset" 914
"../../../Engine/Content/Functions/Engine_MaterialFunctions02/Lerp_3Color.uexp" 915
"../../../Engine/Plugins/Runtime/AudioWidgets/Content/AudioMaterialSlate/M_AudioMaterialKnob.uasset" 916
"../../../Engine/Plugins/Runtime/AudioWidgets/Content/AudioMaterialSlate/M_AudioMaterialKnob.uexp" 917
"../../../Engine/Plugins/Runtime/AudioWidgets/Content/AudioMaterialSlate/MI_AudioMaterialKnob.uasset" 918
"../../../Engine/Plugins/Runtime/AudioWidgets/Content/AudioMaterialSlate/MI_AudioMaterialKnob.uexp" 919
"../../../Engine/Plugins/Runtime/AudioWidgets/Content/AudioMaterialSlate/Functions/MF_Lines.uasset" 920
"../../../Engine/Plugins/Runtime/AudioWidgets/Content/AudioMaterialSlate/Functions/MF_Lines.uexp" 921
"../../../Engine/Plugins/Runtime/AudioWidgets/Content/AudioMaterialSlate/M_AudioMaterialMeter.uasset" 922
"../../../Engine/Plugins/Runtime/AudioWidgets/Content/AudioMaterialSlate/M_AudioMaterialMeter.uexp" 923
"../../../Engine/Plugins/Runtime/AudioWidgets/Content/AudioMaterialSlate/MI_AudioMaterialMeter.uasset" 924
"../../../Engine/Plugins/Runtime/AudioWidgets/Content/AudioMaterialSlate/MI_AudioMaterialMeter.uexp" 925
"../../../Engine/Plugins/Runtime/AudioWidgets/Content/AudioMaterialSlate/M_AudioMaterialRoundedSlider.uasset" 926
"../../../Engine/Plugins/Runtime/AudioWidgets/Content/AudioMaterialSlate/M_AudioMaterialRoundedSlider.uexp" 927
"../../../Engine/Plugins/Runtime/AudioWidgets/Content/AudioMaterialSlate/MI_AudioMaterialRoundedSlider.uasset" 928
"../../../Engine/Plugins/Runtime/AudioWidgets/Content/AudioMaterialSlate/MI_AudioMaterialRoundedSlider.uexp" 929
"../../../Engine/Plugins/Runtime/AudioWidgets/Content/AudioMaterialSlate/Functions/MF_SingleLine.uasset" 930
"../../../Engine/Plugins/Runtime/AudioWidgets/Content/AudioMaterialSlate/Functions/MF_SingleLine.uexp" 931
"../../../Engine/Plugins/Runtime/AudioWidgets/Content/AudioMaterialSlate/M_AudioMaterialToggleButton.uasset" 932
"../../../Engine/Plugins/Runtime/AudioWidgets/Content/AudioMaterialSlate/M_AudioMaterialToggleButton.uexp" 933
"../../../Engine/Plugins/Runtime/AudioWidgets/Content/AudioMaterialSlate/MI_AudioMaterialToggleButton.uasset" 934
"../../../Engine/Plugins/Runtime/AudioWidgets/Content/AudioMaterialSlate/MI_AudioMaterialToggleButton.uexp" 935
"../../../Engine/Plugins/2D/Paper2D/Content/DefaultSpriteMaterial.uasset" 936
"../../../Engine/Plugins/2D/Paper2D/Content/DefaultSpriteMaterial.uexp" 937
"../../../Engine/Plugins/2D/Paper2D/Content/MaskedUnlitSpriteMaterial.uasset" 938
"../../../Engine/Plugins/2D/Paper2D/Content/MaskedUnlitSpriteMaterial.uexp" 939
"../../../Engine/Plugins/2D/Paper2D/Content/OpaqueUnlitSpriteMaterial.uasset" 940
"../../../Engine/Plugins/2D/Paper2D/Content/OpaqueUnlitSpriteMaterial.uexp" 941
"../../../Engine/Plugins/Media/MediaPlate/Content/SM_MediaPlateScreen.ubulk" 942
"../../../Engine/Plugins/Media/MediaPlate/Content/SM_MediaPlateScreen.uasset" 943
"../../../Engine/Plugins/Media/MediaPlate/Content/SM_MediaPlateScreen.uexp" 944
"D:/Projects/CGF/MobileGame/Plugins/GameFeatures/FeiFeatureA/Content/FeiFeatureA.uasset" 945
"D:/Projects/CGF/MobileGame/Plugins/GameFeatures/FeiFeatureA/Content/FeiFeatureA.uexp" 946
"D:/Projects/CGF/MobileGame/Plugins/CommonGameplayFramework/Content/UI/Loading/WBP_LoadingScreen.uasset" 947
"D:/Projects/CGF/MobileGame/Plugins/CommonGameplayFramework/Content/UI/Loading/WBP_LoadingScreen.uexp" 948
"../../../Engine/Content/EngineFonts/Faces/RobotoLight.uexp" 949
"../../../Engine/Content/EngineFonts/Faces/RobotoLight.uasset" 950
"../../../Engine/Content/EngineFonts/Faces/RobotoLight.ufont" 951
"../../../Engine/Content/EngineFonts/Faces/RobotoBold.uexp" 952
"../../../Engine/Content/EngineFonts/Faces/RobotoBold.uasset" 953
"../../../Engine/Content/EngineFonts/Faces/RobotoBold.ufont" 954
"../../../Engine/Content/EngineFonts/Faces/RobotoRegular.uexp" 955
"../../../Engine/Content/EngineFonts/Faces/RobotoRegular.uasset" 956
"../../../Engine/Content/EngineFonts/Faces/RobotoRegular.ufont" 957
"../../../Engine/Content/EngineFonts/Faces/DroidSansFallback.uexp" 958
"../../../Engine/Content/EngineFonts/Faces/DroidSansFallback.uasset" 959
"../../../Engine/Content/EngineFonts/Faces/DroidSansFallback.ufont" 960
"../../../Engine/Content/EngineFonts/Faces/RobotoItalic.uexp" 961
"../../../Engine/Content/EngineFonts/Faces/RobotoItalic.uasset" 962
"../../../Engine/Content/EngineFonts/Faces/RobotoItalic.ufont" 963
"../../../Engine/Content/EngineFonts/Faces/RobotoBoldItalic.uexp" 964
"../../../Engine/Content/EngineFonts/Faces/RobotoBoldItalic.uasset" 965
"../../../Engine/Content/EngineFonts/Faces/RobotoBoldItalic.ufont" 966
"../../../Engine/Content/EngineFonts/Roboto.uasset" 967
"../../../Engine/Content/EngineFonts/Roboto.uexp" 968
"D:/Projects/CGF/MobileGame/Plugins/CommonGameplayFramework/Content/UI/CommonUI/B_TextStyle.uasset" 969
"D:/Projects/CGF/MobileGame/Plugins/CommonGameplayFramework/Content/UI/CommonUI/B_TextStyle.uexp" 970
"../../../Engine/Content/EngineSounds/1kSineTonePing.ubulk" 971
"../../../Engine/Content/EngineSounds/1kSineTonePing.uasset" 972
"../../../Engine/Content/EngineSounds/1kSineTonePing.uexp" 973
"../../../Engine/Content/VREditor/Sounds/UI/Click_on_Button.ubulk" 974
"../../../Engine/Content/VREditor/Sounds/UI/Click_on_Button.uasset" 975
"../../../Engine/Content/VREditor/Sounds/UI/Click_on_Button.uexp" 976
"D:/Projects/CGF/MobileGame/Plugins/CommonGameplayFramework/Content/UI/CommonUI/B_ButtonStyle.uasset" 977
"D:/Projects/CGF/MobileGame/Plugins/CommonGameplayFramework/Content/UI/CommonUI/B_ButtonStyle.uexp" 978
"D:/Projects/CGF/MobileGame/Plugins/CommonGameplayFramework/Content/Image/KeyboardAndMouse/Blanks/Blank_White_Wide.uasset" 979
"D:/Projects/CGF/MobileGame/Plugins/CommonGameplayFramework/Content/Image/KeyboardAndMouse/Blanks/Blank_White_Wide.uexp" 980
"D:/Projects/CGF/MobileGame/Plugins/CommonGameplayFramework/Content/UI/Widget/W_CommonButtonWithText.uasset" 981
"D:/Projects/CGF/MobileGame/Plugins/CommonGameplayFramework/Content/UI/Widget/W_CommonButtonWithText.uexp" 982
"D:/Projects/CGF/MobileGame/Plugins/CommonGameplayFramework/Content/UI/CommonUI/B_BorderStyle.uasset" 983
"D:/Projects/CGF/MobileGame/Plugins/CommonGameplayFramework/Content/UI/CommonUI/B_BorderStyle.uexp" 984
"D:/Projects/CGF/MobileGame/Plugins/CommonGameplayFramework/Content/UI/Modal/WBP_DialogConfirm.uasset" 985
"D:/Projects/CGF/MobileGame/Plugins/CommonGameplayFramework/Content/UI/Modal/WBP_DialogConfirm.uexp" 986
"D:/Projects/CGF/MobileGame/Plugins/CommonGameplayFramework/Content/UI/Modal/WBP_DialogError.uasset" 987
"D:/Projects/CGF/MobileGame/Plugins/CommonGameplayFramework/Content/UI/Modal/WBP_DialogError.uexp" 988
"D:/Projects/CGF/MobileGame/Plugins/CommonGameplayFramework/Content/UI/Policy/B_CommonUILayout.uasset" 989
"D:/Projects/CGF/MobileGame/Plugins/CommonGameplayFramework/Content/UI/Policy/B_CommonUILayout.uexp" 990
"../../../Engine/Content/EngineResources/LandscapeVisibilityLayerInfo.uasset" 991
"../../../Engine/Content/EngineResources/LandscapeVisibilityLayerInfo.uexp" 992
"../../../Engine/Content/VREditor/TransformGizmo/StartRotationHandleIndicator.ubulk" 993
"../../../Engine/Content/VREditor/TransformGizmo/StartRotationHandleIndicator.uasset" 994
"../../../Engine/Content/VREditor/TransformGizmo/StartRotationHandleIndicator.uexp" 995
"../../../Engine/Content/VREditor/Sounds/UI/Drop_Item_From_ContentBrowser.ubulk" 996
"../../../Engine/Content/VREditor/Sounds/UI/Drop_Item_From_ContentBrowser.uasset" 997
"../../../Engine/Content/VREditor/Sounds/UI/Drop_Item_From_ContentBrowser.uexp" 998
"../../../Engine/Content/VREditor/TransformGizmo/PlaneTranslationHandle.ubulk" 999
"../../../Engine/Content/VREditor/TransformGizmo/PlaneTranslationHandle.uasset" 1000
"../../../Engine/Content/VREditor/TransformGizmo/PlaneTranslationHandle.uexp" 1001
"../../../Engine/Content/VREditor/Sounds/UI/Object_Snaps_To_Grid.ubulk" 1002
"../../../Engine/Content/VREditor/Sounds/UI/Object_Snaps_To_Grid.uasset" 1003
"../../../Engine/Content/VREditor/Sounds/UI/Object_Snaps_To_Grid.uexp" 1004
"../../../Engine/Content/VREditor/Sounds/UI/Selection_Changes.ubulk" 1005
"../../../Engine/Content/VREditor/Sounds/UI/Selection_Changes.uasset" 1006
"../../../Engine/Content/VREditor/Sounds/UI/Selection_Changes.uexp" 1007
"../../../Engine/Content/VREditor/Sounds/UI/Object_Snaps_To_Another_Actor.ubulk" 1008
"../../../Engine/Content/VREditor/Sounds/UI/Object_Snaps_To_Another_Actor.uasset" 1009
"../../../Engine/Content/VREditor/Sounds/UI/Object_Snaps_To_Another_Actor.uexp" 1010
"../../../Engine/Content/VREditor/TransformGizmo/TranslucentTransformGizmoMaterial_Inst.uasset" 1011
"../../../Engine/Content/VREditor/TransformGizmo/TranslucentTransformGizmoMaterial_Inst.uexp" 1012
"../../../Engine/Content/VREditor/TransformGizmo/TransformGizmoFreeRotation.ubulk" 1013
"../../../Engine/Content/VREditor/TransformGizmo/TransformGizmoFreeRotation.uasset" 1014
"../../../Engine/Content/VREditor/TransformGizmo/TransformGizmoFreeRotation.uexp" 1015
"../../../Engine/Content/VREditor/Sounds/UI/Scaling_Down.ubulk" 1016
"../../../Engine/Content/VREditor/Sounds/UI/Scaling_Down.uasset" 1017
"../../../Engine/Content/VREditor/Sounds/UI/Scaling_Down.uexp" 1018
"../../../Engine/Content/Functions/Engine_MaterialFunctions02/SplitComponents.uasset" 1019
"../../../Engine/Content/Functions/Engine_MaterialFunctions02/SplitComponents.uexp" 1020
"../../../Engine/Content/VREditor/SnapGrid/SnapGridMaterial.uasset" 1021
"../../../Engine/Content/VREditor/SnapGrid/SnapGridMaterial.uexp" 1022
"../../../Engine/Content/VREditor/SnapGrid/SnapGridPlaneMesh.ubulk" 1023
"../../../Engine/Content/VREditor/SnapGrid/SnapGridPlaneMesh.uasset" 1024
"../../../Engine/Content/VREditor/SnapGrid/SnapGridPlaneMesh.uexp" 1025
"../../../Engine/Content/VREditor/Sounds/UI/Scaling_Up.ubulk" 1026
"../../../Engine/Content/VREditor/Sounds/UI/Scaling_Up.uasset" 1027
"../../../Engine/Content/VREditor/Sounds/UI/Scaling_Up.uexp" 1028
"../../../Engine/Content/VREditor/TransformGizmo/TransformGizmoMaterial_Inst.uasset" 1029
"../../../Engine/Content/VREditor/TransformGizmo/TransformGizmoMaterial_Inst.uexp" 1030
"../../../Engine/Content/VREditor/Sounds/UI/Gizmo_Handle_Clicked.ubulk" 1031
"../../../Engine/Content/VREditor/Sounds/UI/Gizmo_Handle_Clicked.uasset" 1032
"../../../Engine/Content/VREditor/Sounds/UI/Gizmo_Handle_Clicked.uexp" 1033
"../../../Engine/Content/VREditor/TransformGizmo/RotationHandleQuarter.ubulk" 1034
"../../../Engine/Content/VREditor/TransformGizmo/RotationHandleQuarter.uasset" 1035
"../../../Engine/Content/VREditor/TransformGizmo/RotationHandleQuarter.uexp" 1036
"../../../Engine/Content/VREditor/TransformGizmo/TranslateArrowHandle.ubulk" 1037
"../../../Engine/Content/VREditor/TransformGizmo/TranslateArrowHandle.uasset" 1038
"../../../Engine/Content/VREditor/TransformGizmo/TranslateArrowHandle.uexp" 1039
"../../../Engine/Content/VREditor/TransformGizmo/RotationHandleIndicator.ubulk" 1040
"../../../Engine/Content/VREditor/TransformGizmo/RotationHandleIndicator.uasset" 1041
"../../../Engine/Content/VREditor/TransformGizmo/RotationHandleIndicator.uexp" 1042
"../../../Engine/Content/VREditor/TransformGizmo/UniformScaleHandle.ubulk" 1043
"../../../Engine/Content/VREditor/TransformGizmo/UniformScaleHandle.uasset" 1044
"../../../Engine/Content/VREditor/TransformGizmo/UniformScaleHandle.uexp" 1045
"../../../Engine/Content/VREditor/TransformGizmo/RotationHandleFull.ubulk" 1046
"../../../Engine/Content/VREditor/TransformGizmo/RotationHandleFull.uasset" 1047
"../../../Engine/Content/VREditor/TransformGizmo/RotationHandleFull.uexp" 1048
"../../../Engine/Content/VREditor/Sounds/UI/Object_PickUp.ubulk" 1049
"../../../Engine/Content/VREditor/Sounds/UI/Object_PickUp.uasset" 1050
"../../../Engine/Content/VREditor/Sounds/UI/Object_PickUp.uexp" 1051
"../../../Engine/Plugins/Animation/DeformerGraph/Content/DeformerFunctions/DG_Function_ComputeNormalsTangents.uasset" 1052
"../../../Engine/Plugins/Animation/DeformerGraph/Content/DeformerFunctions/DG_Function_ComputeNormalsTangents.uexp" 1053
"../../../Engine/Plugins/Animation/DeformerGraph/Content/DeformerFunctions/DG_Function_LinearBlendSkin_Morph_Cloth.uasset" 1054
"../../../Engine/Plugins/Animation/DeformerGraph/Content/DeformerFunctions/DG_Function_LinearBlendSkin_Morph_Cloth.uexp" 1055
"../../../Engine/Plugins/Animation/DeformerGraph/Content/DeformerFunctions/DG_Function_LinearBlendSkin_Morph_Cloth_PositionOnly.uasset" 1056
"../../../Engine/Plugins/Animation/DeformerGraph/Content/DeformerFunctions/DG_Function_LinearBlendSkin_Morph_Cloth_PositionOnly.uexp" 1057
"../../../Engine/Plugins/Animation/DeformerGraph/Content/Deformers/DG_LinearBlendSkin_Morph_Cloth.uasset" 1058
"../../../Engine/Plugins/Animation/DeformerGraph/Content/Deformers/DG_LinearBlendSkin_Morph_Cloth.uexp" 1059
"../../../Engine/Plugins/Animation/DeformerGraph/Content/Deformers/DG_LinearBlendSkin_Morph_Cloth_RecomputeNormals.uasset" 1060
"../../../Engine/Plugins/Animation/DeformerGraph/Content/Deformers/DG_LinearBlendSkin_Morph_Cloth_RecomputeNormals.uexp" 1061
"../../../Engine/Plugins/NNE/NNEDenoiser/Content/NNEDT_Oidn2-3_Balanced.uasset" 1062
"../../../Engine/Plugins/NNE/NNEDenoiser/Content/NNEDT_Oidn2-3_Balanced.uexp" 1063
"../../../Engine/Plugins/NNE/NNEDenoiser/Content/NNEDT_Oidn2-3_Balanced_Alpha.uasset" 1064
"../../../Engine/Plugins/NNE/NNEDenoiser/Content/NNEDT_Oidn2-3_Balanced_Alpha.uexp" 1065
"../../../Engine/Plugins/NNE/NNEDenoiser/Content/NNED_Oidn2-3_Balanced.uasset" 1066
"../../../Engine/Plugins/NNE/NNEDenoiser/Content/NNED_Oidn2-3_Balanced.uexp" 1067
"../../../Engine/Plugins/NNE/NNEDenoiser/Content/NNED_Oidn2-3_Balanced_Alpha.uasset" 1068
"../../../Engine/Plugins/NNE/NNEDenoiser/Content/NNED_Oidn2-3_Balanced_Alpha.uexp" 1069
"../../../Engine/Plugins/NNE/NNEDenoiser/Content/NNED_Oidn2-3_Fast.uasset" 1070
"../../../Engine/Plugins/NNE/NNEDenoiser/Content/NNED_Oidn2-3_Fast.uexp" 1071
"../../../Engine/Plugins/NNE/NNEDenoiser/Content/NNED_Oidn2-3_Fast_Alpha.uasset" 1072
"../../../Engine/Plugins/NNE/NNEDenoiser/Content/NNED_Oidn2-3_Fast_Alpha.uexp" 1073
"../../../Engine/Plugins/NNE/NNEDenoiser/Content/NNED_Oidn2-3_HighQuality.uasset" 1074
"../../../Engine/Plugins/NNE/NNEDenoiser/Content/NNED_Oidn2-3_HighQuality.uexp" 1075
"../../../Engine/Plugins/NNE/NNEDenoiser/Content/NNED_Oidn2-3_HighQuality_Alpha.uasset" 1076
"../../../Engine/Plugins/NNE/NNEDenoiser/Content/NNED_Oidn2-3_HighQuality_Alpha.uexp" 1077
"../../../Engine/Plugins/NNE/NNEDenoiser/Content/NNE_oidn2-3-0_rt_hdr_alb_nrm_small__dyn__fp16_opset11_DenoiseAlpha.uasset" 1078
"../../../Engine/Plugins/NNE/NNEDenoiser/Content/NNE_oidn2-3-0_rt_hdr_alb_nrm_small__dyn__fp16_opset11_DenoiseAlpha.uexp" 1079
"../../../Engine/Plugins/NNE/NNEDenoiser/Content/NNE_oidn2-3-0_rt_hdr_alb_nrm_small__dyn__fp16_opset11_ForwardAlpha.uasset" 1080
"../../../Engine/Plugins/NNE/NNEDenoiser/Content/NNE_oidn2-3-0_rt_hdr_alb_nrm_small__dyn__fp16_opset11_ForwardAlpha.uexp" 1081
"../../../Engine/Plugins/NNE/NNEDenoiser/Content/NNE_oidn2-3-0_rt_hdr_alb_nrm__dyn__fp16_opset11_DenoiseAlpha.uasset" 1082
"../../../Engine/Plugins/NNE/NNEDenoiser/Content/NNE_oidn2-3-0_rt_hdr_alb_nrm__dyn__fp16_opset11_DenoiseAlpha.uexp" 1083
"../../../Engine/Plugins/NNE/NNEDenoiser/Content/NNE_oidn2-3-0_rt_hdr_alb_nrm__dyn__fp16_opset11_ForwardAlpha.uasset" 1084
"../../../Engine/Plugins/NNE/NNEDenoiser/Content/NNE_oidn2-3-0_rt_hdr_alb_nrm__dyn__fp16_opset11_ForwardAlpha.uexp" 1085
"../../../Engine/Plugins/NNE/NNEDenoiser/Content/NNE_oidn2-3-0_rt_hdr_calb_cnrm_large__dyn__fp16_opset11_DenoiseAlpha.uasset" 1086
"../../../Engine/Plugins/NNE/NNEDenoiser/Content/NNE_oidn2-3-0_rt_hdr_calb_cnrm_large__dyn__fp16_opset11_DenoiseAlpha.uexp" 1087
"../../../Engine/Plugins/NNE/NNEDenoiser/Content/NNE_oidn2-3-0_rt_hdr_calb_cnrm_large__dyn__fp16_opset11_ForwardAlpha.uasset" 1088
"../../../Engine/Plugins/NNE/NNEDenoiser/Content/NNE_oidn2-3-0_rt_hdr_calb_cnrm_large__dyn__fp16_opset11_ForwardAlpha.uexp" 1089
"../../../Engine/Content/Maps/Entry_BuiltData.uasset" 1090
"../../../Engine/Content/Maps/Entry_BuiltData.uexp" 1091
"../../../Engine/Content/Maps/Entry.uexp" 1092
"../../../Engine/Content/Maps/Entry.umap" 1093
"../../../Engine/Content/EngineMaterials/BlendFunc_DefBlend.uasset" 1094
"../../../Engine/Content/EngineMaterials/BlendFunc_DefBlend.uexp" 1095
"../../../Engine/Content/OpenWorldTemplate/LandscapeMaterial/T_GridChecker_A.ubulk" 1096
"../../../Engine/Content/OpenWorldTemplate/LandscapeMaterial/T_GridChecker_A.uasset" 1097
"../../../Engine/Content/OpenWorldTemplate/LandscapeMaterial/T_GridChecker_A.uexp" 1098
"../../../Engine/Content/EngineMaterials/BlendFunc_DefBase.uasset" 1099
"../../../Engine/Content/EngineMaterials/BlendFunc_DefBase.uexp" 1100
"../../../Engine/Content/Functions/Engine_MaterialFunctions03/Blends/Blend_Overlay.uasset" 1101
"../../../Engine/Content/Functions/Engine_MaterialFunctions03/Blends/Blend_Overlay.uexp" 1102
"../../../Engine/Content/Functions/Engine_MaterialFunctions01/Gradient/LinearGradient.uasset" 1103
"../../../Engine/Content/Functions/Engine_MaterialFunctions01/Gradient/LinearGradient.uexp" 1104
"../../../Engine/Content/Functions/Engine_MaterialFunctions01/ImageAdjustment/CheapContrast.uasset" 1105
"../../../Engine/Content/Functions/Engine_MaterialFunctions01/ImageAdjustment/CheapContrast.uexp" 1106
"../../../Engine/Content/OpenWorldTemplate/LandscapeMaterial/MF_ProcGrid.uasset" 1107
"../../../Engine/Content/OpenWorldTemplate/LandscapeMaterial/MF_ProcGrid.uexp" 1108
"../../../Engine/Content/OpenWorldTemplate/LandscapeMaterial/M_ProcGrid.uasset" 1109
"../../../Engine/Content/OpenWorldTemplate/LandscapeMaterial/M_ProcGrid.uexp" 1110
"../../../Engine/Content/OpenWorldTemplate/LandscapeMaterial/MI_ProcGrid.uasset" 1111
"../../../Engine/Content/OpenWorldTemplate/LandscapeMaterial/MI_ProcGrid.uexp" 1112
"../../../Engine/Content/EngineSky/T_Sky_Stars.ubulk" 1113
"../../../Engine/Content/EngineSky/T_Sky_Stars.uasset" 1114
"../../../Engine/Content/EngineSky/T_Sky_Stars.uexp" 1115
"../../../Engine/Content/EngineSky/T_Sky_Clouds_M.ubulk" 1116
"../../../Engine/Content/EngineSky/T_Sky_Clouds_M.uasset" 1117
"../../../Engine/Content/EngineSky/T_Sky_Clouds_M.uexp" 1118
"../../../Engine/Content/EngineSky/T_Sky_Blue.ubulk" 1119
"../../../Engine/Content/EngineSky/T_Sky_Blue.uasset" 1120
"../../../Engine/Content/EngineSky/T_Sky_Blue.uexp" 1121
"../../../Engine/Content/EngineSky/M_Sky_Panning_Clouds2.uasset" 1122
"../../../Engine/Content/EngineSky/M_Sky_Panning_Clouds2.uexp" 1123
"../../../Engine/Content/EngineSky/SM_SkySphere.ubulk" 1124
"../../../Engine/Content/EngineSky/SM_SkySphere.uasset" 1125
"../../../Engine/Content/EngineSky/SM_SkySphere.uexp" 1126
"../../../Engine/Content/MapTemplates/SM_Template_Map_Floor.ubulk" 1127
"../../../Engine/Content/MapTemplates/SM_Template_Map_Floor.uasset" 1128
"../../../Engine/Content/MapTemplates/SM_Template_Map_Floor.uexp" 1129
"D:/Projects/CGF/MobileGame/Plugins/CommonGameplayFramework/Content/ThirdPerson/Input/Actions/IA_Move.uasset" 1130
"D:/Projects/CGF/MobileGame/Plugins/CommonGameplayFramework/Content/ThirdPerson/Input/Actions/IA_Move.uexp" 1131
"D:/Projects/CGF/MobileGame/Plugins/CommonGameplayFramework/Content/ThirdPerson/Input/Actions/IA_Jump.uasset" 1132
"D:/Projects/CGF/MobileGame/Plugins/CommonGameplayFramework/Content/ThirdPerson/Input/Actions/IA_Jump.uexp" 1133
"D:/Projects/CGF/MobileGame/Plugins/CommonGameplayFramework/Content/ThirdPerson/Input/Actions/IA_Look.uasset" 1134
"D:/Projects/CGF/MobileGame/Plugins/CommonGameplayFramework/Content/ThirdPerson/Input/Actions/IA_Look.uexp" 1135
"D:/Projects/CGF/MobileGame/Plugins/CommonGameplayFramework/Content/ThirdPerson/Input/IMC_Default.uasset" 1136
"D:/Projects/CGF/MobileGame/Plugins/CommonGameplayFramework/Content/ThirdPerson/Input/IMC_Default.uexp" 1137
"D:/Projects/CGF/MobileGame/Plugins/CommonGameplayFramework/Content/Characters/Mannequins/Textures/Quinn/T_Quinn_02ID_D.ubulk" 1138
"D:/Projects/CGF/MobileGame/Plugins/CommonGameplayFramework/Content/Characters/Mannequins/Textures/Quinn/T_Quinn_02ID_D.uasset" 1139
"D:/Projects/CGF/MobileGame/Plugins/CommonGameplayFramework/Content/Characters/Mannequins/Textures/Quinn/T_Quinn_02ID_D.uexp" 1140
"D:/Projects/CGF/MobileGame/Plugins/CommonGameplayFramework/Content/Characters/Mannequins/Textures/Quinn/T_Quinn_02ID_BN.ubulk" 1141
"D:/Projects/CGF/MobileGame/Plugins/CommonGameplayFramework/Content/Characters/Mannequins/Textures/Quinn/T_Quinn_02ID_BN.uasset" 1142
"D:/Projects/CGF/MobileGame/Plugins/CommonGameplayFramework/Content/Characters/Mannequins/Textures/Quinn/T_Quinn_02ID_BN.uexp" 1143
"D:/Projects/CGF/MobileGame/Plugins/CommonGameplayFramework/Content/Characters/Mannequins/Textures/Quinn/T_Quinn_02_CCRCCPlastic_MSK.ubulk" 1144
"D:/Projects/CGF/MobileGame/Plugins/CommonGameplayFramework/Content/Characters/Mannequins/Textures/Quinn/T_Quinn_02_CCRCCPlastic_MSK.uasset" 1145
"D:/Projects/CGF/MobileGame/Plugins/CommonGameplayFramework/Content/Characters/Mannequins/Textures/Quinn/T_Quinn_02_CCRCCPlastic_MSK.uexp" 1146
"D:/Projects/CGF/MobileGame/Plugins/CommonGameplayFramework/Content/Characters/Mannequins/Textures/Quinn/T_Quinn_02_ASAOMASK_MSK.ubulk" 1147
"D:/Projects/CGF/MobileGame/Plugins/CommonGameplayFramework/Content/Characters/Mannequins/Textures/Quinn/T_Quinn_02_ASAOMASK_MSK.uasset" 1148
"D:/Projects/CGF/MobileGame/Plugins/CommonGameplayFramework/Content/Characters/Mannequins/Textures/Quinn/T_Quinn_02_ASAOMASK_MSK.uexp" 1149
"D:/Projects/CGF/MobileGame/Plugins/CommonGameplayFramework/Content/Characters/Mannequins/Textures/Quinn/T_Quinn_02ID_N.ubulk" 1150
"D:/Projects/CGF/MobileGame/Plugins/CommonGameplayFramework/Content/Characters/Mannequins/Textures/Quinn/T_Quinn_02ID_N.uasset" 1151
"D:/Projects/CGF/MobileGame/Plugins/CommonGameplayFramework/Content/Characters/Mannequins/Textures/Quinn/T_Quinn_02ID_N.uexp" 1152
"D:/Projects/CGF/MobileGame/Plugins/CommonGameplayFramework/Content/Characters/Mannequins/Textures/Quinn/T_Quinn_02ID_MSR_MSK.ubulk" 1153
"D:/Projects/CGF/MobileGame/Plugins/CommonGameplayFramework/Content/Characters/Mannequins/Textures/Quinn/T_Quinn_02ID_MSR_MSK.uasset" 1154
"D:/Projects/CGF/MobileGame/Plugins/CommonGameplayFramework/Content/Characters/Mannequins/Textures/Quinn/T_Quinn_02ID_MSR_MSK.uexp" 1155
"D:/Projects/CGF/MobileGame/Plugins/CommonGameplayFramework/Content/Characters/Mannequins/Textures/Quinn/T_Quinn_01_CCRCCPlastic_MSK.ubulk" 1156
"D:/Projects/CGF/MobileGame/Plugins/CommonGameplayFramework/Content/Characters/Mannequins/Textures/Quinn/T_Quinn_01_CCRCCPlastic_MSK.uasset" 1157
"D:/Projects/CGF/MobileGame/Plugins/CommonGameplayFramework/Content/Characters/Mannequins/Textures/Quinn/T_Quinn_01_CCRCCPlastic_MSK.uexp" 1158
"D:/Projects/CGF/MobileGame/Plugins/CommonGameplayFramework/Content/Characters/Mannequins/Textures/Quinn/T_Quinn_01_ASAOMASK_MSK.ubulk" 1159
"D:/Projects/CGF/MobileGame/Plugins/CommonGameplayFramework/Content/Characters/Mannequins/Textures/Quinn/T_Quinn_01_ASAOMASK_MSK.uasset" 1160
"D:/Projects/CGF/MobileGame/Plugins/CommonGameplayFramework/Content/Characters/Mannequins/Textures/Quinn/T_Quinn_01_ASAOMASK_MSK.uexp" 1161
"D:/Projects/CGF/MobileGame/Plugins/CommonGameplayFramework/Content/Characters/Mannequins/Textures/Quinn/T_Quinn_01ID_D.ubulk" 1162
"D:/Projects/CGF/MobileGame/Plugins/CommonGameplayFramework/Content/Characters/Mannequins/Textures/Quinn/T_Quinn_01ID_D.uasset" 1163
"D:/Projects/CGF/MobileGame/Plugins/CommonGameplayFramework/Content/Characters/Mannequins/Textures/Quinn/T_Quinn_01ID_D.uexp" 1164
"D:/Projects/CGF/MobileGame/Plugins/CommonGameplayFramework/Content/Characters/Mannequins/Textures/Manny/T_Manny_01_CCRCCPlastic_MSK.ubulk" 1165
"D:/Projects/CGF/MobileGame/Plugins/CommonGameplayFramework/Content/Characters/Mannequins/Textures/Manny/T_Manny_01_CCRCCPlastic_MSK.uasset" 1166
"D:/Projects/CGF/MobileGame/Plugins/CommonGameplayFramework/Content/Characters/Mannequins/Textures/Manny/T_Manny_01_CCRCCPlastic_MSK.uexp" 1167
"D:/Projects/CGF/MobileGame/Plugins/CommonGameplayFramework/Content/Characters/Mannequins/Textures/Manny/T_Manny_01_MSR_MSK.ubulk" 1168
"D:/Projects/CGF/MobileGame/Plugins/CommonGameplayFramework/Content/Characters/Mannequins/Textures/Manny/T_Manny_01_MSR_MSK.uasset" 1169
"D:/Projects/CGF/MobileGame/Plugins/CommonGameplayFramework/Content/Characters/Mannequins/Textures/Manny/T_Manny_01_MSR_MSK.uexp" 1170
"D:/Projects/CGF/MobileGame/Plugins/CommonGameplayFramework/Content/Characters/Mannequins/Materials/Functions/ML_BaseColorFallOff.uasset" 1171
"D:/Projects/CGF/MobileGame/Plugins/CommonGameplayFramework/Content/Characters/Mannequins/Materials/Functions/ML_BaseColorFallOff.uexp" 1172
"D:/Projects/CGF/MobileGame/Plugins/CommonGameplayFramework/Content/Characters/Mannequins/Textures/Manny/T_Manny_01_N.ubulk" 1173
"D:/Projects/CGF/MobileGame/Plugins/CommonGameplayFramework/Content/Characters/Mannequins/Textures/Manny/T_Manny_01_N.uasset" 1174
"D:/Projects/CGF/MobileGame/Plugins/CommonGameplayFramework/Content/Characters/Mannequins/Textures/Manny/T_Manny_01_N.uexp" 1175
"D:/Projects/CGF/MobileGame/Plugins/CommonGameplayFramework/Content/Characters/Mannequins/Textures/Manny/T_Manny_01_D.ubulk" 1176
"D:/Projects/CGF/MobileGame/Plugins/CommonGameplayFramework/Content/Characters/Mannequins/Textures/Manny/T_Manny_01_D.uasset" 1177
"D:/Projects/CGF/MobileGame/Plugins/CommonGameplayFramework/Content/Characters/Mannequins/Textures/Manny/T_Manny_01_D.uexp" 1178
"D:/Projects/CGF/MobileGame/Plugins/CommonGameplayFramework/Content/Characters/Mannequins/Textures/Manny/T_Manny_01_Tan.ubulk" 1179
"D:/Projects/CGF/MobileGame/Plugins/CommonGameplayFramework/Content/Characters/Mannequins/Textures/Manny/T_Manny_01_Tan.uasset" 1180
"D:/Projects/CGF/MobileGame/Plugins/CommonGameplayFramework/Content/Characters/Mannequins/Textures/Manny/T_Manny_01_Tan.uexp" 1181
"D:/Projects/CGF/MobileGame/Plugins/CommonGameplayFramework/Content/Characters/Mannequins/Materials/Functions/ChromaticCurve.uasset" 1182
"D:/Projects/CGF/MobileGame/Plugins/CommonGameplayFramework/Content/Characters/Mannequins/Materials/Functions/ChromaticCurve.uexp" 1183
"D:/Projects/CGF/MobileGame/Plugins/CommonGameplayFramework/Content/Characters/Mannequins/Materials/Functions/CA_Mannequin.uasset" 1184
"D:/Projects/CGF/MobileGame/Plugins/CommonGameplayFramework/Content/Characters/Mannequins/Materials/Functions/CA_Mannequin.uexp" 1185
"D:/Projects/CGF/MobileGame/Plugins/CommonGameplayFramework/Content/Characters/Mannequins/Materials/Functions/MF_Diffraction.uasset" 1186
"D:/Projects/CGF/MobileGame/Plugins/CommonGameplayFramework/Content/Characters/Mannequins/Materials/Functions/MF_Diffraction.uexp" 1187
"D:/Projects/CGF/MobileGame/Plugins/CommonGameplayFramework/Content/Characters/Mannequins/Textures/Manny/T_Manny_01_ASAOPMASK_MSK.ubulk" 1188
"D:/Projects/CGF/MobileGame/Plugins/CommonGameplayFramework/Content/Characters/Mannequins/Textures/Manny/T_Manny_01_ASAOPMASK_MSK.uasset" 1189
"D:/Projects/CGF/MobileGame/Plugins/CommonGameplayFramework/Content/Characters/Mannequins/Textures/Manny/T_Manny_01_ASAOPMASK_MSK.uexp" 1190
"D:/Projects/CGF/MobileGame/Plugins/CommonGameplayFramework/Content/Characters/Mannequins/Textures/Shared/T_UE_Logo_M.uasset" 1191
"D:/Projects/CGF/MobileGame/Plugins/CommonGameplayFramework/Content/Characters/Mannequins/Textures/Shared/T_UE_Logo_M.uexp" 1192
"D:/Projects/CGF/MobileGame/Plugins/CommonGameplayFramework/Content/Characters/Mannequins/Materials/Functions/MF_logo3layers.uasset" 1193
"D:/Projects/CGF/MobileGame/Plugins/CommonGameplayFramework/Content/Characters/Mannequins/Materials/Functions/MF_logo3layers.uexp" 1194
"D:/Projects/CGF/MobileGame/Plugins/CommonGameplayFramework/Content/Characters/Mannequins/Textures/Manny/T_Manny_01_BN.ubulk" 1195
"D:/Projects/CGF/MobileGame/Plugins/CommonGameplayFramework/Content/Characters/Mannequins/Textures/Manny/T_Manny_01_BN.uasset" 1196
"D:/Projects/CGF/MobileGame/Plugins/CommonGameplayFramework/Content/Characters/Mannequins/Textures/Manny/T_Manny_01_BN.uexp" 1197
"D:/Projects/CGF/MobileGame/Plugins/CommonGameplayFramework/Content/Characters/Mannequins/Materials/M_Mannequin.uasset" 1198
"D:/Projects/CGF/MobileGame/Plugins/CommonGameplayFramework/Content/Characters/Mannequins/Materials/M_Mannequin.uexp" 1199
"D:/Projects/CGF/MobileGame/Plugins/CommonGameplayFramework/Content/Characters/Mannequins/Textures/Quinn/T_Quinn_01ID_N.ubulk" 1200
"D:/Projects/CGF/MobileGame/Plugins/CommonGameplayFramework/Content/Characters/Mannequins/Textures/Quinn/T_Quinn_01ID_N.uasset" 1201
"D:/Projects/CGF/MobileGame/Plugins/CommonGameplayFramework/Content/Characters/Mannequins/Textures/Quinn/T_Quinn_01ID_N.uexp" 1202
"D:/Projects/CGF/MobileGame/Plugins/CommonGameplayFramework/Content/Characters/Mannequins/Textures/Quinn/T_Quinn_01ID_Tan.ubulk" 1203
"D:/Projects/CGF/MobileGame/Plugins/CommonGameplayFramework/Content/Characters/Mannequins/Textures/Quinn/T_Quinn_01ID_Tan.uasset" 1204
"D:/Projects/CGF/MobileGame/Plugins/CommonGameplayFramework/Content/Characters/Mannequins/Textures/Quinn/T_Quinn_01ID_Tan.uexp" 1205
"D:/Projects/CGF/MobileGame/Plugins/CommonGameplayFramework/Content/Characters/Mannequins/Textures/Quinn/T_Quinn_01ID_BN.ubulk" 1206
"D:/Projects/CGF/MobileGame/Plugins/CommonGameplayFramework/Content/Characters/Mannequins/Textures/Quinn/T_Quinn_01ID_BN.uasset" 1207
"D:/Projects/CGF/MobileGame/Plugins/CommonGameplayFramework/Content/Characters/Mannequins/Textures/Quinn/T_Quinn_01ID_BN.uexp" 1208
"D:/Projects/CGF/MobileGame/Plugins/CommonGameplayFramework/Content/Characters/Mannequins/Textures/Quinn/T_Quinn_01ID_MSR_MSK.ubulk" 1209
"D:/Projects/CGF/MobileGame/Plugins/CommonGameplayFramework/Content/Characters/Mannequins/Textures/Quinn/T_Quinn_01ID_MSR_MSK.uasset" 1210
"D:/Projects/CGF/MobileGame/Plugins/CommonGameplayFramework/Content/Characters/Mannequins/Textures/Quinn/T_Quinn_01ID_MSR_MSK.uexp" 1211
"D:/Projects/CGF/MobileGame/Plugins/CommonGameplayFramework/Content/Characters/Mannequins/Materials/Instances/Quinn/MI_Quinn_01.uasset" 1212
"D:/Projects/CGF/MobileGame/Plugins/CommonGameplayFramework/Content/Characters/Mannequins/Materials/Instances/Quinn/MI_Quinn_01.uexp" 1213
"D:/Projects/CGF/MobileGame/Plugins/CommonGameplayFramework/Content/Characters/Mannequins/Textures/Quinn/T_Quinn_02ID_Tan.ubulk" 1214
"D:/Projects/CGF/MobileGame/Plugins/CommonGameplayFramework/Content/Characters/Mannequins/Textures/Quinn/T_Quinn_02ID_Tan.uasset" 1215
"D:/Projects/CGF/MobileGame/Plugins/CommonGameplayFramework/Content/Characters/Mannequins/Textures/Quinn/T_Quinn_02ID_Tan.uexp" 1216
"D:/Projects/CGF/MobileGame/Plugins/CommonGameplayFramework/Content/Characters/Mannequins/Materials/Instances/Quinn/MI_Quinn_02.uasset" 1217
"D:/Projects/CGF/MobileGame/Plugins/CommonGameplayFramework/Content/Characters/Mannequins/Materials/Instances/Quinn/MI_Quinn_02.uexp" 1218
"D:/Projects/CGF/MobileGame/Plugins/CommonGameplayFramework/Content/Characters/Mannequins/Meshes/SK_Mannequin.uasset" 1219
"D:/Projects/CGF/MobileGame/Plugins/CommonGameplayFramework/Content/Characters/Mannequins/Meshes/SK_Mannequin.uexp" 1220
"D:/Projects/CGF/MobileGame/Plugins/CommonGameplayFramework/Content/Characters/Mannequins/Rigs/PA_Mannequin.uasset" 1221
"D:/Projects/CGF/MobileGame/Plugins/CommonGameplayFramework/Content/Characters/Mannequins/Rigs/PA_Mannequin.uexp" 1222
"D:/Projects/CGF/MobileGame/Plugins/CommonGameplayFramework/Content/Characters/Mannequins/Meshes/SKM_Quinn_Simple.uasset" 1223
"D:/Projects/CGF/MobileGame/Plugins/CommonGameplayFramework/Content/Characters/Mannequins/Meshes/SKM_Quinn_Simple.uexp" 1224
"../../../Engine/Content/Animation/DefaultAnimCurveCompressionSettings.uasset" 1225
"../../../Engine/Content/Animation/DefaultAnimCurveCompressionSettings.uexp" 1226
"../../../Engine/Content/Animation/DefaultVariableFrameStrippingSettings.uasset" 1227
"../../../Engine/Content/Animation/DefaultVariableFrameStrippingSettings.uexp" 1228
"../../../Engine/Content/Animation/DefaultAnimBoneCompressionSettings.uasset" 1229
"../../../Engine/Content/Animation/DefaultAnimBoneCompressionSettings.uexp" 1230
"D:/Projects/CGF/MobileGame/Plugins/CommonGameplayFramework/Content/Characters/Mannequins/Animations/Quinn/MF_Idle.uasset" 1231
"D:/Projects/CGF/MobileGame/Plugins/CommonGameplayFramework/Content/Characters/Mannequins/Animations/Quinn/MF_Idle.uexp" 1232
"../../../Engine/Plugins/Animation/ControlRig/Content/Controls/DefaultGizmoLibrary.uasset" 1233
"../../../Engine/Plugins/Animation/ControlRig/Content/Controls/DefaultGizmoLibrary.uexp" 1234
"D:/Projects/CGF/MobileGame/Plugins/CommonGameplayFramework/Content/Characters/Mannequins/Rigs/CR_Mannequin_BasicFootIK.uasset" 1235
"D:/Projects/CGF/MobileGame/Plugins/CommonGameplayFramework/Content/Characters/Mannequins/Rigs/CR_Mannequin_BasicFootIK.uexp" 1236
"D:/Projects/CGF/MobileGame/Plugins/CommonGameplayFramework/Content/Characters/Mannequins/Animations/Manny/MM_Land.uasset" 1237
"D:/Projects/CGF/MobileGame/Plugins/CommonGameplayFramework/Content/Characters/Mannequins/Animations/Manny/MM_Land.uexp" 1238
"D:/Projects/CGF/MobileGame/Plugins/CommonGameplayFramework/Content/Characters/Mannequins/Animations/Manny/MM_Walk_Fwd.uasset" 1239
"D:/Projects/CGF/MobileGame/Plugins/CommonGameplayFramework/Content/Characters/Mannequins/Animations/Manny/MM_Walk_Fwd.uexp" 1240
"D:/Projects/CGF/MobileGame/Plugins/CommonGameplayFramework/Content/Characters/Mannequins/Animations/Manny/MM_Run_Fwd.uasset" 1241
"D:/Projects/CGF/MobileGame/Plugins/CommonGameplayFramework/Content/Characters/Mannequins/Animations/Manny/MM_Run_Fwd.uexp" 1242
"../../../Engine/Content/Animation/DefaultRecorderBoneCompression.uasset" 1243
"../../../Engine/Content/Animation/DefaultRecorderBoneCompression.uexp" 1244
"D:/Projects/CGF/MobileGame/Plugins/CommonGameplayFramework/Content/Characters/Mannequins/Animations/Manny/MM_Walk_InPlace.uasset" 1245
"D:/Projects/CGF/MobileGame/Plugins/CommonGameplayFramework/Content/Characters/Mannequins/Animations/Manny/MM_Walk_InPlace.uexp" 1246
"D:/Projects/CGF/MobileGame/Plugins/CommonGameplayFramework/Content/Characters/Mannequins/Animations/Manny/BS_MM_WalkRun.uasset" 1247
"D:/Projects/CGF/MobileGame/Plugins/CommonGameplayFramework/Content/Characters/Mannequins/Animations/Manny/BS_MM_WalkRun.uexp" 1248
"D:/Projects/CGF/MobileGame/Plugins/CommonGameplayFramework/Content/Characters/Mannequins/Animations/Manny/MM_Fall_Loop.uasset" 1249
"D:/Projects/CGF/MobileGame/Plugins/CommonGameplayFramework/Content/Characters/Mannequins/Animations/Manny/MM_Fall_Loop.uexp" 1250
"D:/Projects/CGF/MobileGame/Plugins/CommonGameplayFramework/Content/Characters/Mannequins/Animations/Manny/MM_Idle.uasset" 1251
"D:/Projects/CGF/MobileGame/Plugins/CommonGameplayFramework/Content/Characters/Mannequins/Animations/Manny/MM_Idle.uexp" 1252
"D:/Projects/CGF/MobileGame/Plugins/CommonGameplayFramework/Content/Characters/Mannequins/Animations/Manny/MM_Jump.uasset" 1253
"D:/Projects/CGF/MobileGame/Plugins/CommonGameplayFramework/Content/Characters/Mannequins/Animations/Manny/MM_Jump.uexp" 1254
"D:/Projects/CGF/MobileGame/Plugins/CommonGameplayFramework/Content/Characters/Mannequins/Animations/ABP_Manny.uasset" 1255
"D:/Projects/CGF/MobileGame/Plugins/CommonGameplayFramework/Content/Characters/Mannequins/Animations/ABP_Manny.uexp" 1256
"D:/Projects/CGF/MobileGame/Plugins/CommonGameplayFramework/Content/Characters/Mannequins/Animations/Quinn/MF_Run_Fwd.uasset" 1257
"D:/Projects/CGF/MobileGame/Plugins/CommonGameplayFramework/Content/Characters/Mannequins/Animations/Quinn/MF_Run_Fwd.uexp" 1258
"D:/Projects/CGF/MobileGame/Plugins/CommonGameplayFramework/Content/Characters/Mannequins/Animations/Quinn/MF_Walk_Fwd.uasset" 1259
"D:/Projects/CGF/MobileGame/Plugins/CommonGameplayFramework/Content/Characters/Mannequins/Animations/Quinn/MF_Walk_Fwd.uexp" 1260
"D:/Projects/CGF/MobileGame/Plugins/CommonGameplayFramework/Content/Characters/Mannequins/Animations/Quinn/BS_MF_Unarmed_WalkRun.uasset" 1261
"D:/Projects/CGF/MobileGame/Plugins/CommonGameplayFramework/Content/Characters/Mannequins/Animations/Quinn/BS_MF_Unarmed_WalkRun.uexp" 1262
"D:/Projects/CGF/MobileGame/Plugins/CommonGameplayFramework/Content/Characters/Mannequins/Animations/ABP_Quinn.uasset" 1263
"D:/Projects/CGF/MobileGame/Plugins/CommonGameplayFramework/Content/Characters/Mannequins/Animations/ABP_Quinn.uexp" 1264
"D:/Projects/CGF/MobileGame/Plugins/CommonGameplayFramework/Content/UI/Desktop/UI_MainGame.uasset" 1265
"D:/Projects/CGF/MobileGame/Plugins/CommonGameplayFramework/Content/UI/Desktop/UI_MainGame.uexp" 1266
"D:/Projects/CGF/MobileGame/Plugins/CommonGameplayFramework/Content/ThirdPerson/Blueprints/BP_ThirdPersonCharacter.uasset" 1267
"D:/Projects/CGF/MobileGame/Plugins/CommonGameplayFramework/Content/ThirdPerson/Blueprints/BP_ThirdPersonCharacter.uexp" 1268
"D:/Projects/CGF/MobileGame/Plugins/CommonGameplayFramework/Content/Image/KeyboardAndMouse/Light/A_Key_Light.uasset" 1269
"D:/Projects/CGF/MobileGame/Plugins/CommonGameplayFramework/Content/Image/KeyboardAndMouse/Light/A_Key_Light.uexp" 1270
"D:/Projects/CGF/MobileGame/Plugins/CommonGameplayFramework/Content/UI/Window/WBP_WindowBase.uasset" 1271
"D:/Projects/CGF/MobileGame/Plugins/CommonGameplayFramework/Content/UI/Window/WBP_WindowBase.uexp" 1272
"D:/Projects/CGF/MobileGame/Plugins/CommonGameplayFramework/Content/Image/KeyboardAndMouse/Light/12_Key_Light.uasset" 1273
"D:/Projects/CGF/MobileGame/Plugins/CommonGameplayFramework/Content/Image/KeyboardAndMouse/Light/12_Key_Light.uexp" 1274
"D:/Projects/CGF/MobileGame/Plugins/CommonGameplayFramework/Content/UI/Window/WBP_WindowAAA.uasset" 1275
"D:/Projects/CGF/MobileGame/Plugins/CommonGameplayFramework/Content/UI/Window/WBP_WindowAAA.uexp" 1276
"D:/Projects/CGF/MobileGame/Plugins/CommonGameplayFramework/Content/Image/KeyboardAndMouse/Blanks/Blank_White_Mouse.uasset" 1277
"D:/Projects/CGF/MobileGame/Plugins/CommonGameplayFramework/Content/Image/KeyboardAndMouse/Blanks/Blank_White_Mouse.uexp" 1278
"D:/Projects/CGF/MobileGame/Plugins/CommonGameplayFramework/Content/UI/Window/WBP_WindowCCC.uasset" 1279
"D:/Projects/CGF/MobileGame/Plugins/CommonGameplayFramework/Content/UI/Window/WBP_WindowCCC.uexp" 1280
"D:/Projects/CGF/MobileGame/Plugins/CommonGameplayFramework/Content/Image/KeyboardAndMouse/Light/Alt_Key_Light.uasset" 1281
"D:/Projects/CGF/MobileGame/Plugins/CommonGameplayFramework/Content/Image/KeyboardAndMouse/Light/Alt_Key_Light.uexp" 1282
"D:/Projects/CGF/MobileGame/Plugins/CommonGameplayFramework/Content/UI/Window/WBP_WindowBBB.uasset" 1283
"D:/Projects/CGF/MobileGame/Plugins/CommonGameplayFramework/Content/UI/Window/WBP_WindowBBB.uexp" 1284
"D:/Projects/CGF/MobileGame/Plugins/CommonGameplayFramework/Content/Blueprint/Core/PC_MainLobby.uasset" 1285
"D:/Projects/CGF/MobileGame/Plugins/CommonGameplayFramework/Content/Blueprint/Core/PC_MainLobby.uexp" 1286
"D:/Projects/CGF/MobileGame/Plugins/CommonGameplayFramework/Content/Blueprint/Core/GM_MainLobby.uasset" 1287
"D:/Projects/CGF/MobileGame/Plugins/CommonGameplayFramework/Content/Blueprint/Core/GM_MainLobby.uexp" 1288
"../../../Engine/Content/EngineSky/M_SimpleSkyDome.uasset" 1289
"../../../Engine/Content/EngineSky/M_SimpleSkyDome.uexp" 1290
"D:/Projects/CGF/MobileGame/Plugins/CommonGameplayFramework/Content/Map/MainLobby.uexp" 1291
"D:/Projects/CGF/MobileGame/Plugins/CommonGameplayFramework/Content/Map/MainLobby.umap" 1292
"D:/Projects/CGF/MobileGame/Plugins/CommonGameplayFramework/Content/UI/Widget/WBP_CommonButton.uasset" 1293
"D:/Projects/CGF/MobileGame/Plugins/CommonGameplayFramework/Content/UI/Widget/WBP_CommonButton.uexp" 1294
"D:/Projects/CGF/MobileGame/Plugins/CommonGameplayFramework/Content/UI/Widget/WBP_CommonEnumItem.uasset" 1295
"D:/Projects/CGF/MobileGame/Plugins/CommonGameplayFramework/Content/UI/Widget/WBP_CommonEnumItem.uexp" 1296
"D:/Projects/CGF/MobileGame/Plugins/CommonGameplayFramework/Content/UI/Widget/WBP_SettingItem.uasset" 1297
"D:/Projects/CGF/MobileGame/Plugins/CommonGameplayFramework/Content/UI/Widget/WBP_SettingItem.uexp" 1298
"D:/Projects/CGF/MobileGame/Plugins/CommonGameplayFramework/Content/UI/Panel/WBP_SettingsPanel.uasset" 1299
"D:/Projects/CGF/MobileGame/Plugins/CommonGameplayFramework/Content/UI/Panel/WBP_SettingsPanel.uexp" 1300
"D:/Projects/CGF/MobileGame/Plugins/CommonGameplayFramework/Content/UI/Desktop/UI_MainMenu.uasset" 1301
"D:/Projects/CGF/MobileGame/Plugins/CommonGameplayFramework/Content/UI/Desktop/UI_MainMenu.uexp" 1302
"D:/Projects/CGF/MobileGame/Plugins/CommonGameplayFramework/Content/Blueprint/Core/PC_MainMenu.uasset" 1303
"D:/Projects/CGF/MobileGame/Plugins/CommonGameplayFramework/Content/Blueprint/Core/PC_MainMenu.uexp" 1304
"D:/Projects/CGF/MobileGame/Plugins/CommonGameplayFramework/Content/Blueprint/Core/GM_MainMenu.uasset" 1305
"D:/Projects/CGF/MobileGame/Plugins/CommonGameplayFramework/Content/Blueprint/Core/GM_MainMenu.uexp" 1306
"D:/Projects/CGF/MobileGame/Plugins/CommonGameplayFramework/Content/Map/MainMenu.uexp" 1307
"D:/Projects/CGF/MobileGame/Plugins/CommonGameplayFramework/Content/Map/MainMenu.umap" 1308
